# Time[fs]	ED_cav=0.03[aJ]	ED_free=0.03[aJ]	ED_cav=0.06[aJ]	ED_free=0.06[aJ]	ED_cav=0.11[aJ]	ED_free=0.11[aJ]
0.0	2.01070295871E-20	2.92518285205E-21	2.01070295871E-20	2.92518285205E-21	2.01070295871E-20	2.92518285205E-21
2.0	2.14127563976E-17	1.70420919599E-10	3.07800767136E-16	4.93313172226E-12	2.05140390694E-16	2.53115848077E-12
4.0	6.68300642158E-17	4.77855837519E-10	6.27522606229E-16	2.06096267416E-10	6.17987832507E-16	3.0102568091E-11
6.0	6.15498446176E-16	6.1558129631E-10	1.80696876229E-15	4.01812115827E-10	3.44656246139E-15	5.56828085062E-11
8.0	1.51148849369E-15	6.18515828777E-10	3.70774495952E-15	4.08488480162E-10	1.06985218635E-14	1.18975330816E-9
10.0	2.70780317626E-15	6.25145085418E-10	7.86280201418E-15	7.86941309933E-10	2.053042742E-14	2.31823636415E-9
12.0	5.27679764756E-15	8.30591628714E-10	1.23009343789E-14	1.15865792344E-9	4.38759433915E-14	2.31830820244E-9
14.0	1.54082966124E-14	1.23171591481E-9	4.95771670555E-14	1.15992899037E-9	1.25125686752E-13	2.32251107613E-9
16.0	2.4161563567E-14	1.43202475213E-9	8.1057003405E-14	1.161415017E-9	2.25690915766E-13	2.34525439843E-9
18.0	4.20269798695E-14	1.43339441946E-9	1.03607286406E-13	1.16622995103E-9	3.87500801615E-13	2.36381934166E-9
20.0	7.54928934028E-14	1.43506725464E-9	1.86410026693E-13	1.1697828885E-9	9.86195767214E-13	2.36385575771E-9
22.0	9.67660325694E-14	1.43612806568E-9	3.71309543979E-13	1.17119690207E-9	1.51428700889E-12	2.36735986574E-9
24.0	1.21199932929E-13	1.57855176224E-9	6.17194709951E-13	1.17290438643E-9	1.91784561939E-12	2.37113336692E-9
26.0	2.70089178776E-13	1.72055494936E-9	1.6951550631E-12	1.19093598286E-9	5.86718055588E-12	2.37155313185E-9
28.0	3.6159670578E-13	1.72176037634E-9	3.42456399887E-12	1.3510320116E-9	1.8882376273E-11	2.37266729681E-9
30.0	6.27274310123E-13	1.72267946234E-9	7.82429299306E-12	1.49317354896E-9	1.41692375128E-10	2.37759078713E-9
32.0	1.01604660386E-12	2.69663776424E-9	4.29203123023E-11	1.81946269438E-9	3.09385715448E-10	2.38443519588E-9
34.0	2.37694467477E-12	3.68856410525E-9	1.0359723468E-10	2.14623943376E-9	5.62554306831E-10	2.81206967862E-9
36.0	3.67983263277E-12	3.71523894301E-9	1.42619677886E-10	2.25186255426E-9	1.2436462196E-9	3.24410108834E-9
38.0	5.03899101179E-12	3.80967416265E-9	1.70005345181E-10	2.4539268466E-9	3.5099167614E-9	3.25337712579E-9
40.0	6.32474810476E-12	3.90932968642E-9	1.89088348077E-10	2.55912862194E-9	9.18121446329E-9	3.67603632543E-9
42.0	7.54484504614E-12	4.17672146114E-9	2.10839162211E-10	2.58520077306E-9	1.11841451883E-8	4.09669745412E-9
44.0	9.35615285287E-12	4.43330038877E-9	2.6494451716E-10	2.60556620172E-9	1.31155188884E-8	4.09670130161E-9
46.0	1.15381243851E-11	4.43356841194E-9	3.43743393263E-10	2.61697945064E-9	1.4384673231E-8	4.09670693234E-9
48.0	1.22911074837E-11	4.43549610824E-9	3.88506881696E-10	2.6764908094E-9	1.68263000462E-8	4.09670931158E-9
50.0	2.65000979185E-11	4.44763568095E-9	5.11289341114E-10	2.7268741516E-9	2.34244611965E-8	4.24576379709E-9
52.0	2.9283008838E-11	4.46712131352E-9	6.57534014387E-10	2.87253193973E-9	2.85200749371E-8	4.39414689357E-9
54.0	3.42257451537E-11	4.47628025695E-9	7.29133146602E-10	3.0161707947E-9	2.97393264155E-8	4.39415199245E-9
56.0	4.38705737308E-11	4.47637498899E-9	7.65890220866E-10	3.0162274752E-9	3.05628886699E-8	4.51777762854E-9
58.0	5.36823399145E-11	4.47648787757E-9	8.67004083057E-10	3.01626515368E-9	3.24242894068E-8	4.6424472637E-9
60.0	5.96813503536E-11	4.47661996587E-9	9.70572645042E-10	3.46008510961E-9	4.29946597623E-8	4.64431031178E-9
62.0	6.97270020688E-11	4.49147613975E-9	1.20463817233E-9	3.90512242874E-9	5.84109974622E-8	4.6463366512E-9
64.0	7.98997779934E-11	4.65374077605E-9	1.51551994089E-9	3.90828684055E-9	7.34090728277E-8	4.6718892784E-9
66.0	9.1646278549E-11	4.80070830938E-9	1.67555625013E-9	3.90834978823E-9	1.02683614446E-7	5.33419519298E-9
68.0	1.05293052268E-10	4.80082966318E-9	1.76720475063E-9	3.90868119512E-9	1.24335103077E-7	1.12361422832E-8
70.0	1.18977820073E-10	4.81064966508E-9	1.94442974837E-9	3.90895567839E-9	1.33171652947E-7	3.87260768239E-8
72.0	1.27900813816E-10	4.937303559E-9	2.08028747771E-9	4.42420784947E-9	2.00613394364E-7	1.21320116315E-7
74.0	1.34354688359E-10	5.05409509978E-9	2.25772890848E-9	5.8047111205E-9	3.32453340751E-7	3.04019012217E-7
76.0	1.4522530122E-10	5.0644225121E-9	2.34306892949E-9	6.68909562858E-9	5.29060501255E-7	6.29379209904E-7
78.0	1.50110647611E-10	5.07523371439E-9	2.36143497557E-9	6.72578244819E-9	7.39882745196E-7	1.1244475933E-6
80.0	1.60747847325E-10	5.07660214158E-9	2.38968250728E-9	7.23506892592E-9	1.02394753391E-6	1.8063341233E-6
82.0	1.66681644045E-10	5.14469512368E-9	2.42761584356E-9	7.7401815145E-9	1.31359245404E-6	2.63335328296E-6
84.0	1.70940939803E-10	5.22831124985E-9	2.46073120326E-9	8.09339956312E-9	1.75513929237E-6	3.7012624474E-6
86.0	1.74818093893E-10	5.49343754285E-9	2.48671821955E-9	8.47568806124E-9	2.34982965339E-6	5.17372338549E-6
88.0	1.79500232173E-10	5.74151458206E-9	2.51983122395E-9	8.52001565414E-9	3.04064317702E-6	6.37961073792E-6
90.0	2.12416671579E-10	5.7422516846E-9	2.56755204205E-9	8.52002496435E-9	3.93122123429E-6	9.63758883381E-6
92.0	2.51650788245E-10	5.80893447937E-9	2.64638160649E-9	8.52009146474E-9	6.14195377882E-6	1.45895735689E-5
94.0	2.68788350109E-10	6.01018555344E-9	2.72588720784E-9	8.5579561212E-9	6.55157212424E-6	1.53913629992E-5
96.0	2.81425343806E-10	6.14528412701E-9	2.77097218734E-9	8.59559582468E-9	9.24847471118E-6	2.09349300024E-5
98.0	2.86746280606E-10	6.14912004835E-9	2.80972295992E-9	8.59560635404E-9	1.05042828641E-5	2.31287288119E-5
100.0	2.8871305697E-10	6.15294323004E-9	2.81785347837E-9	8.59658193847E-9	1.191802773E-5	2.71440661108E-5
102.0	2.94623244736E-10	6.15632922684E-9	2.8722693604E-9	8.62473312993E-9	1.3318332882E-4	5.53360668007E-4
104.0	2.97246453485E-10	6.38401267609E-9	2.95092725823E-9	8.66526656837E-9	0.00104883947474	0.00217739684981
106.0	2.9971487235E-10	6.74419307563E-9	3.02627655503E-9	8.68922912982E-9	0.00149584623609	0.00279679044048
108.0	3.02567847492E-10	6.91327581974E-9	3.09063896895E-9	8.70544086457E-9	0.00208560996874	0.00349346703624
110.0	3.08770064233E-10	6.9487513508E-9	3.19427855284E-9	9.19114222399E-9	0.00240142281107	0.00409691069781
112.0	3.15644573729E-10	6.95420252262E-9	3.31093154757E-9	9.67075506155E-9	0.00276596396401	0.00457577851345
114.0	3.22368616943E-10	6.9602424216E-9	3.54566897421E-9	9.6737591139E-9	0.00299966482934	0.00484603819199
116.0	3.2725935947E-10	6.98122094797E-9	3.65535252896E-9	9.68154949628E-9	0.00323544882442	0.0053626214822
118.0	3.31230307806E-10	7.00010599821E-9	3.7605076395E-9	9.69163776541E-9	0.00341474931965	0.00566246387757
120.0	3.35626467343E-10	7.00125553926E-9	3.8680876708E-9	9.69562021908E-9	0.00357751111133	0.00583592064721
122.0	3.37941408558E-10	7.00230940791E-9	3.91095716036E-9	9.6963454977E-9	0.00374336433876	0.00600277438766
124.0	3.42618725966E-10	7.00333906539E-9	3.94785863353E-9	9.69689432589E-9	0.00392787195373	0.00674498570536
126.0	3.44599482253E-10	7.00499405105E-9	4.12964740549E-9	9.69930149017E-9	0.00461103595809	0.00974294364393
128.0	3.49393820954E-10	7.13151001817E-9	4.5841070895E-9	9.72590317364E-9	0.00533857929716	0.0107135411238
130.0	3.51903920473E-10	7.46766590021E-9	4.85728110202E-9	9.77553478525E-9	0.00594489178437	0.012653983765
132.0	3.53324937441E-10	7.67851281026E-9	4.9743321842E-9	9.80316980035E-9	0.00632704198694	0.012896218624
134.0	3.55855276973E-10	7.67948334729E-9	5.04769666336E-9	9.81565445687E-9	0.0065548842755	0.0134798603834
136.0	3.59090526035E-10	7.68340629851E-9	5.20822302721E-9	1.03809834701E-8	0.00672019970909	0.0142644548551
138.0	3.64777514418E-10	7.79261339151E-9	5.67612444734E-9	1.09852257357E-8	0.00788229001361	0.0181000719662
140.0	3.64766778688E-10	7.89869751524E-9	6.24217856857E-9	1.12858679442E-8	0.0088506900495	0.0208057115828
142.0	3.68653536163E-10	7.89911062605E-9	6.49216995453E-9	1.1555000592E-8	0.0105424565304	0.0241138958512
144.0	3.70225449405E-10	7.9067735131E-9	6.56670806372E-9	1.15845800352E-8	0.0124549568815	0.0265421316939
146.0	3.7176004713E-10	7.91846590389E-9	6.64861151885E-9	1.23811525721E-8	0.0135044057459	0.0276694275954
148.0	3.73961035477E-10	7.92272355537E-9	6.77151940433E-9	1.31683310448E-8	0.0146190155783	0.0283819999333
150.0	3.82067433843E-10	7.92291053999E-9	7.10745987293E-9	1.31955193292E-8	0.015512608247	0.0292070579666
152.0	3.89650479438E-10	7.92466406209E-9	7.64289488534E-9	1.53418412536E-8	0.0163297527563	0.0295963512669
154.0	3.92051108665E-10	7.98292152572E-9	8.3690003709E-9	1.77627738032E-8	0.0168801191293	0.0299015222176
156.0	3.97442151579E-10	8.03927039595E-9	9.13310848519E-9	1.94422067571E-8	0.017007635751	0.0306745236047
158.0	4.07780415281E-10	9.59220170461E-9	9.9889030657E-9	2.18786578175E-8	0.0176181501337	0.0325292597895
160.0	4.20623832871E-10	1.12088279405E-8	1.11875065299E-8	2.53662476925E-8	0.017793410775	0.0340110463626
162.0	4.30066673327E-10	1.12791541662E-8	1.25809360325E-8	2.7476977985E-8	0.0189588798623	0.0365822859872
164.0	4.42108928827E-10	1.12948247858E-8	1.39719244736E-8	2.96405560323E-8	0.0195269100228	0.0388564238551
166.0	4.57891236647E-10	1.131337144E-8	1.6232356499E-8	3.13350473997E-8	0.0202009805179	0.0401653046005
168.0	4.65550726196E-10	1.13183471913E-8	2.06666708426E-8	3.24998612067E-8	0.0218946703882	0.0454501444027
170.0	4.69320458544E-10	1.13206703826E-8	3.27466856027E-8	3.35142379211E-8	0.0272841923273	0.0533805287483
172.0	4.73851172508E-10	1.13211750008E-8	5.18073278417E-8	3.46158838596E-8	0.0282798771214	0.0557115365027
174.0	4.82523239398E-10	1.13213691383E-8	6.61917898823E-8	3.69976909951E-8	0.0298298890965	0.0569305435357
176.0	4.92655532773E-10	1.13219056003E-8	7.30388806188E-8	4.09508759639E-8	0.0309242157353	0.0591149260046
178.0	5.01510952382E-10	1.13437601477E-8	7.78452245632E-8	5.36800756419E-8	0.0319511271844	0.0593395262819
180.0	5.06882247557E-10	1.16124271259E-8	8.05270680131E-8	8.06599291991E-8	0.0331234046211	0.0606260950938
182.0	5.14111261824E-10	1.1867724323E-8	8.30895115258E-8	1.03276709965E-7	0.0338477210763	0.0613981647059
184.0	5.14528362944E-10	1.18767448696E-8	8.73273961773E-8	1.25129245624E-7	0.0344515551692	0.0617915784893
186.0	5.1654565214E-10	1.19398605904E-8	9.28693725813E-8	1.47735844122E-7	0.035144198558	0.0622945056068
188.0	5.18888226906E-10	1.20056668146E-8	9.79938764323E-8	1.56190179964E-7	0.0353836289583	0.0637242927455
190.0	5.24308619933E-10	1.20086897284E-8	1.0133430545E-7	1.61216523009E-7	0.0364690563336	0.069250453102
192.0	5.25216370973E-10	1.20091325557E-8	1.04032799485E-7	1.67981136327E-7	0.0490269431736	0.0959675043904
194.0	5.26406147263E-10	1.2009724003E-8	1.0737446939E-7	1.77408584869E-7	0.0598706703177	0.0994164096886
196.0	5.32046168741E-10	1.20101088093E-8	1.1121409508E-7	1.88520851508E-7	0.0660902378041	0.105272831676
198.0	5.40197353103E-10	1.20188498747E-8	1.16883179162E-7	1.98190739232E-7	0.07022368488	0.108759526252
200.0	5.44266056667E-10	1.2027805086E-8	1.1969117867E-7	2.32623095144E-7	0.0718598295998	0.110806457968
202.0	5.49557682242E-10	1.20340734148E-8	1.23481621533E-7	2.80840701982E-7	0.0751704054718	0.111188389068
204.0	5.5008868276E-10	1.20403480501E-8	1.29026812271E-7	3.35070011403E-7	0.0759721473904	0.112173967014
206.0	5.55613400524E-10	1.25042255948E-8	1.36114700688E-7	3.68429248395E-7	0.0766594668823	0.112978363661
208.0	5.64785788357E-10	1.29660402509E-8	1.4084387319E-7	4.16574799764E-7	0.0769355345786	0.113339212599
210.0	5.68468446728E-10	1.29669836807E-8	1.47916475812E-7	4.28548868361E-7	0.0775855664599	0.114338801788
212.0	5.72100734659E-10	1.29675140176E-8	1.52707979041E-7	4.30555824145E-7	0.081341049941	0.126597761733
214.0	5.78668235145E-10	1.29676251239E-8	1.55744665309E-7	4.3236733021E-7	0.0936877931123	0.145271933646
216.0	5.84049850541E-10	1.29709577382E-8	1.62460598854E-7	4.39268815096E-7	0.104285589806	0.150630766162
218.0	5.87276609493E-10	1.3222404632E-8	1.67893604113E-7	4.60539226209E-7	0.110373777906	0.158428983401
220.0	5.89707269344E-10	1.3474852334E-8	1.70833414885E-7	4.99202955418E-7	0.116078603375	0.161798832227
222.0	5.92706403468E-10	1.34806556444E-8	1.80194642101E-7	6.40335108485E-7	0.118570471681	0.166851419573
224.0	5.94619645052E-10	1.34828204043E-8	1.85624133459E-7	8.99067763287E-7	0.12435685318	0.167496555851
226.0	5.97275139113E-10	1.36552685922E-8	1.96803582991E-7	1.08821017531E-6	0.125642933584	0.16913879158
228.0	5.98558141387E-10	1.38576680235E-8	2.03516182853E-7	1.2979619903E-6	0.126454769285	0.169961247121
230.0	6.01969176716E-10	1.38900644928E-8	2.19207717526E-7	1.43526123608E-6	0.128395157703	0.169888663198
232.0	6.04477117867E-10	1.59363184622E-8	2.31969456437E-7	1.47828050787E-6	0.130944005503	0.171486331938
234.0	6.0659265974E-10	1.93563307716E-8	2.46243979865E-7	1.49168630184E-6	0.133320666735	0.178479216349
236.0	6.10351856472E-10	2.08304615498E-8	2.66179667578E-7	1.49630828166E-6	0.136787256272	0.186255897695
238.0	6.14295904339E-10	2.09366682161E-8	3.03806839866E-7	1.50423803407E-6	0.138853346974	0.190997001052
240.0	6.17929979696E-10	2.11971796189E-8	3.16076246749E-7	1.53565067752E-6	0.141407570901	0.196935933201
242.0	6.20430858435E-10	2.15836257512E-8	3.33891419303E-7	1.58507786164E-6	0.144776245065	0.203252839115
244.0	6.2176902528E-10	2.17193993065E-8	3.52034061824E-7	1.68347381482E-6	0.146496158926	0.205591275964
246.0	6.22923867798E-10	2.17196134897E-8	3.65187233203E-7	1.91012284052E-6	0.149985033137	0.213331661719
248.0	6.25830332745E-10	2.17198192681E-8	4.06234880641E-7	1.9722766039E-6	0.151223816444	0.214280259891
250.0	6.29659553046E-10	2.1720076954E-8	4.21347913821E-7	2.18003222824E-6	0.151945113138	0.216528156725
252.0	6.33112582025E-10	2.17285781941E-8	4.45509348603E-7	2.32822084618E-6	0.154493102187	0.21976032111
254.0	6.37193159841E-10	2.17459758128E-8	4.74932561828E-7	2.3742404546E-6	0.158446180973	0.227970185637
256.0	6.46389492654E-10	2.1765263572E-8	4.87871198098E-7	2.41038837029E-6	0.16068090065	0.234856479225
258.0	6.53756219481E-10	2.17757462218E-8	5.00318613962E-7	2.46862598319E-6	0.165212882499	0.237771057917
260.0	6.58060081638E-10	2.17765338881E-8	5.33683019496E-7	2.53540295701E-6	0.170138349836	0.241847815304
262.0	6.61834757166E-10	2.17775318468E-8	5.8456457492E-7	2.59537990613E-6	0.174355969321	0.247546592027
264.0	6.66747413148E-10	2.17934838799E-8	6.21690946704E-7	2.65119529923E-6	0.178582128583	0.252955610591
266.0	6.71957913769E-10	2.20399217127E-8	6.42064613747E-7	2.86231341812E-6	0.181478785589	0.254663313602
268.0	6.78165500913E-10	2.22701623288E-8	6.50080428033E-7	3.03377310189E-6	0.183251425622	0.256593512398
270.0	6.86820249471E-10	2.22804742302E-8	6.78237123695E-7	3.30015405721E-6	0.185497501438	0.258860161816
272.0	6.9434611457E-10	2.22910999311E-8	6.94863358959E-7	3.41581944827E-6	0.187172205088	0.260649079853
274.0	7.0613919678E-10	2.22921180931E-8	7.35215406415E-7	3.53568876161E-6	0.188893717267	0.263256320218
276.0	7.20394512654E-10	2.22929928816E-8	7.67711968094E-7	3.65321044629E-6	0.192901472171	0.271281335491
278.0	7.27367835143E-10	2.2293713935E-8	7.96654274295E-7	3.66939986605E-6	0.195742692508	0.27818389294
280.0	7.33132741084E-10	2.22950407153E-8	8.18627270653E-7	3.68077523491E-6	0.198229275235	0.28100883386
282.0	7.44440471928E-10	2.22967936225E-8	8.36428592397E-7	3.71499016934E-6	0.202807471573	0.285467556835
284.0	7.54166472312E-10	2.22977486418E-8	8.93530747849E-7	3.78009117681E-6	0.20693807957	0.291707942728
286.0	7.63796860082E-10	2.22982773158E-8	9.37599162339E-7	3.91295753352E-6	0.212459132542	0.296662530635
288.0	7.68184713737E-10	2.22987037933E-8	9.69727454647E-7	4.4173752908E-6	0.214154873462	0.298863638109
290.0	7.69443818075E-10	2.22991266616E-8	9.80965827008E-7	4.90770849509E-6	0.217590331265	0.300555864148
292.0	7.746584301E-10	2.24409399589E-8	1.02956609803E-6	5.24011816801E-6	0.218000476005	0.302104469726
294.0	7.85203145134E-10	2.25820451887E-8	1.03325883137E-6	5.44929016139E-6	0.220250970836	0.302397200156
296.0	7.97782723286E-10	2.25865902745E-8	1.06453700096E-6	5.55746136873E-6	0.220614115633	0.305383934598
298.0	8.04293495148E-10	2.25912280363E-8	1.10034425973E-6	5.55038164166E-6	0.221465121734	0.307103030721
300.0	8.0883862711E-10	2.25919463615E-8	1.11097187894E-6	5.57443008309E-6	0.223068695818	0.310710047653
302.0	8.11983873065E-10	2.27383295457E-8	1.13594086908E-6	5.60283033207E-6	0.226381076282	0.315778357333
304.0	8.21174370556E-10	2.28839962889E-8	1.17292536333E-6	5.61023983145E-6	0.232373150634	0.318471141196
306.0	8.32363083483E-10	2.28848051295E-8	1.21866856128E-6	5.66276541329E-6	0.235631561789	0.320416828447
308.0	8.44878251844E-10	2.28941902776E-8	1.25894391828E-6	5.79194317803E-6	0.239001191553	0.320398078328
310.0	8.53005315969E-10	2.29038860166E-8	1.26746657279E-6	5.89702837043E-6	0.23991177675	0.321212064925
312.0	8.7927932223E-10	2.29052494419E-8	1.2909897285E-6	6.19067900564E-6	0.243290134301	0.324025961916
314.0	8.95897385133E-10	2.29062197877E-8	1.30548301265E-6	6.23713056313E-6	0.243319255104	0.324532636696
316.0	9.4176723308E-10	2.2909392607E-8	1.31904769449E-6	6.42042454682E-6	0.245340910389	0.328494517613
318.0	9.67016104074E-10	2.29137377985E-8	1.33779438723E-6	6.43414681106E-6	0.245699504597	0.328625344609
320.0	9.77065380353E-10	2.29235497323E-8	1.34903715368E-6	6.53007766564E-6	0.24605731245	0.330432693603
322.0	1.00836091676E-9	2.29321293472E-8	1.35898861898E-6	6.53092669892E-6	0.247558576306	0.333257162177
324.0	1.07110454859E-9	2.30301779734E-8	1.36505690062E-6	6.5426892555E-6	0.253028810836	0.339010387903
326.0	1.21768963269E-9	2.31359459932E-8	1.38776813009E-6	6.56734058491E-6	0.264338828334	0.340688467754
328.0	1.38378798152E-9	2.31473570883E-8	1.4166117093E-6	6.60174864665E-6	0.267082754884	0.345221539594
330.0	1.52396940816E-9	2.3164407051E-8	1.44833406769E-6	6.6412173792E-6	0.271418495243	0.346171183956
332.0	1.57587483638E-9	2.31804384614E-8	1.45883362491E-6	6.76457784472E-6	0.271931956357	0.347730564567
334.0	1.62363502957E-9	2.31824958629E-8	1.49818440717E-6	6.80646274674E-6	0.274996994136	0.347394199884
336.0	1.68377477255E-9	2.31875162574E-8	1.52121684486E-6	7.0311915551E-6	0.275291726782	0.348210169451
338.0	1.81524922028E-9	2.31930890556E-8	1.61158155645E-6	7.19716989532E-6	0.277600324121	0.349176242988
340.0	1.87954396853E-9	2.43428459304E-8	1.61816507422E-6	7.24036465195E-6	0.277871149435	0.349883301815
342.0	1.93932357861E-9	2.54871385356E-8	1.66656191073E-6	7.3256654932E-6	0.278936296801	0.350918400517
344.0	2.03084318637E-9	2.54875369253E-8	1.71346456931E-6	7.46464852934E-6	0.281085887918	0.359444833483
346.0	2.12353380281E-9	2.54893812694E-8	1.72733084229E-6	7.55882746234E-6	0.285555158187	0.36476129233
348.0	2.13793947478E-9	2.54922775969E-8	1.73627253933E-6	7.61762736594E-6	0.289419480089	0.366152396228
350.0	2.20747521219E-9	2.58932412104E-8	1.76360356405E-6	7.62681802152E-6	0.29184737568	0.369650356646
352.0	2.28420411773E-9	2.63149552024E-8	1.81140975201E-6	7.62959908457E-6	0.294841089516	0.371568619334
354.0	2.37474619271E-9	2.63488222833E-8	1.83287931783E-6	7.85908359704E-6	0.296410012412	0.373740135452
356.0	2.43404497084E-9	2.63618747969E-8	1.87387051343E-6	8.51840675734E-6	0.299219906534	0.379036089691
358.0	2.55118758158E-9	2.65441425688E-8	1.89022541275E-6	8.83023929805E-6	0.300613251669	0.382564250101
360.0	2.60751242783E-9	2.67245966435E-8	1.94708775777E-6	9.40309462697E-6	0.302530083224	0.384126799797
362.0	2.67271544588E-9	2.71441253749E-8	2.01829005286E-6	9.68863421871E-6	0.303128472014	0.385847002999
364.0	2.74657107472E-9	2.75638495233E-8	2.04534383816E-6	9.67545969437E-6	0.303553409916	0.386630421808
366.0	2.77854089124E-9	2.75680273422E-8	2.09785594669E-6	9.79370713921E-6	0.305428446676	0.387889203674
368.0	2.88267058776E-9	2.75886737899E-8	2.17726355467E-6	1.00111400434E-5	0.306358844516	0.3908045576
370.0	2.94874334753E-9	2.76347517289E-8	2.20696988587E-6	1.01611456524E-5	0.307849613942	0.391933047443
372.0	2.98343329738E-9	2.76703213915E-8	2.24596228754E-6	1.02545125315E-5	0.309276146468	0.392995480677
374.0	3.03566450785E-9	2.80416465501E-8	2.27819703891E-6	1.03369862308E-5	0.311360533659	0.396038797257
376.0	3.10366328679E-9	2.84022158044E-8	2.31769216029E-6	1.03774956974E-5	0.312613519887	0.398482067467
378.0	3.18428095955E-9	2.84027360889E-8	2.3447438022E-6	1.067900033E-5	0.314107535434	0.400160411099
380.0	3.25807473318E-9	2.84044476795E-8	2.35678633828E-6	1.1150365368E-5	0.316191382603	0.404475066406
382.0	3.334047827E-9	2.84067373423E-8	2.38647948858E-6	1.15339440287E-5	0.317164849401	0.404342415369
384.0	3.3611669722E-9	2.84075524409E-8	2.40047881565E-6	1.22031162241E-5	0.320416814953	0.41043693624
386.0	3.43149513402E-9	2.84080993021E-8	2.43177511149E-6	1.24374359561E-5	0.323028667777	0.414040143582
388.0	3.47539316339E-9	2.84119676892E-8	2.46814339005E-6	1.25246774697E-5	0.325284722372	0.415740714127
390.0	3.49334033683E-9	3.04629538461E-8	2.52616414199E-6	1.26697516923E-5	0.329045871677	0.422494712422
392.0	3.50988922434E-9	3.25217961558E-8	2.6185699603E-6	1.28543647758E-5	0.334747908126	0.429301579483
394.0	3.53995759959E-9	3.26268130023E-8	2.73620797332E-6	1.30469317887E-5	0.338504736159	0.433402719125
396.0	3.59127457709E-9	3.27180806344E-8	2.82419897718E-6	1.34658122362E-5	0.340751228922	0.436170761213
398.0	3.67530718626E-9	3.27324606723E-8	2.85082603236E-6	1.45656211788E-5	0.342377858692	0.436991146551
400.0	3.70358467414E-9	3.27430152064E-8	2.94482957786E-6	1.5144984266E-5	0.343663480361	0.437562408311
402.0	3.77314732175E-9	3.27884300957E-8	3.03760180318E-6	1.65353101129E-5	0.344640950355	0.438831049539
404.0	3.83491948843E-9	3.28311761972E-8	3.09667522969E-6	1.67823687118E-5	0.346582942655	0.440144432426
406.0	3.84297516943E-9	3.28321419812E-8	3.20704717068E-6	1.73478943009E-5	0.347840649512	0.44170178222
408.0	3.87104450364E-9	3.28342442018E-8	3.29609774364E-6	1.76133128936E-5	0.349102411382	0.44523543265
410.0	3.94643380945E-9	3.2835974696E-8	3.33322052279E-6	1.76426941651E-5	0.350826265325	0.446338735149
412.0	4.0072727275E-9	3.28361053874E-8	3.41126937096E-6	1.76903888169E-5	0.35399353956	0.448265545975
414.0	4.02586472113E-9	3.28379431975E-8	3.52134255502E-6	1.76981692671E-5	0.355907577234	0.449988201442
416.0	4.03195512507E-9	3.28400739597E-8	3.59171358451E-6	1.77538352111E-5	0.357821465313	0.451221503416
418.0	4.06743722551E-9	3.3104452205E-8	3.63043897254E-6	1.7963687626E-5	0.358912098433	0.452197007183
420.0	4.14045755621E-9	3.33682168229E-8	3.6925924494E-6	1.85159104561E-5	0.360040436698	0.452191804995
422.0	4.26048318853E-9	3.33721435823E-8	3.76778575233E-6	1.98743031054E-5	0.360995045805	0.453977405098
424.0	4.34253544578E-9	3.33820796467E-8	3.84995907987E-6	2.01182143309E-5	0.361547041398	0.454059928383
426.0	4.55926724812E-9	3.33901333661E-8	4.01497890189E-6	2.16768391594E-5	0.362713410298	0.456374548155
428.0	4.5832266632E-9	3.34161089209E-8	4.14293327635E-6	2.19002436141E-5	0.363467901429	0.457772775255
430.0	4.64064535877E-9	3.36382676826E-8	4.24817948626E-6	2.22961834502E-5	0.364604693039	0.457652116416
432.0	4.74905897884E-9	3.38379161212E-8	4.33184377207E-6	2.25936472353E-5	0.368529459338	0.463041150927
434.0	4.80859782882E-9	3.38588871736E-8	4.41207586669E-6	2.27234807536E-5	0.375928800986	0.479001934093
436.0	4.83862685626E-9	3.38795046003E-8	4.56319073947E-6	2.28855887282E-5	0.381858330063	0.481311817076
438.0	4.8630053521E-9	3.38920850093E-8	4.71028289769E-6	2.3119530531E-5	0.385351677412	0.489018618586
440.0	4.89330364508E-9	3.39019431675E-8	4.83439941599E-6	2.3368368919E-5	0.388034124626	0.489549823667
442.0	4.92968810655E-9	3.39114231681E-8	4.86252202558E-6	2.38845025772E-5	0.388732538451	0.495146529964
444.0	4.96519584693E-9	3.39208386048E-8	4.93890039921E-6	2.41223462941E-5	0.392188679229	0.494635910425
446.0	5.01071215754E-9	3.3925972204E-8	5.04204187523E-6	2.43456190096E-5	0.392354133868	0.496919539365
448.0	5.03561349285E-9	3.39377969366E-8	5.21793761448E-6	2.4459508044E-5	0.393223559635	0.499590675483
450.0	5.08871669269E-9	3.39454450224E-8	5.31577133957E-6	2.49431487661E-5	0.39370750794	0.499405400928
452.0	5.11546472367E-9	3.3946843948E-8	5.5231388763E-6	2.52171912311E-5	0.39432516707	0.500223298273
454.0	5.12601407439E-9	3.40200749525E-8	5.642326306E-6	2.5205442295E-5	0.396561452491	0.505917545398
456.0	5.16179293938E-9	3.41692238653E-8	5.68374434991E-6	2.53790026583E-5	0.40060165328	0.510604217738
458.0	5.213794078E-9	3.42456719074E-8	5.76802565126E-6	2.57456663093E-5	0.403736891121	0.512513467065
460.0	5.25762828274E-9	3.43876304779E-8	5.90835621086E-6	2.61115426246E-5	0.404880471433	0.514984119469
462.0	5.28528068571E-9	3.45289974778E-8	6.02737901058E-6	2.66606506732E-5	0.40638989973	0.515079097926
464.0	5.30104067215E-9	3.4606852924E-8	6.11486003602E-6	2.81420085903E-5	0.40674617143	0.51659470464
466.0	5.32254405677E-9	3.47264277846E-8	6.22579720906E-6	2.86172560948E-5	0.408442913012	0.516603788158
468.0	5.35797566539E-9	3.47687622441E-8	6.24302187512E-6	2.97889895358E-5	0.409304112842	0.51838666299
470.0	5.38592579281E-9	3.47700339458E-8	6.29062951249E-6	2.98390660807E-5	0.410713466769	0.520390216131
472.0	5.40746735691E-9	3.47724345691E-8	6.38690931913E-6	2.99496722818E-5	0.41179546245	0.521225766804
474.0	5.45775118534E-9	3.47770005522E-8	6.59915528033E-6	2.9964145492E-5	0.412249378103	0.523810792576
476.0	5.5098448522E-9	3.47800415878E-8	6.69334759549E-6	3.01846910343E-5	0.413140324254	0.524626368466
478.0	5.54367779041E-9	3.47808868027E-8	6.77874105106E-6	3.04965444506E-5	0.414129955131	0.526078499825
480.0	5.56932977466E-9	3.47831051132E-8	6.93820620882E-6	3.06580984805E-5	0.416632415069	0.526589178334
482.0	5.5996482048E-9	3.478565432E-8	7.07756718476E-6	3.07776146883E-5	0.417832424496	0.526800124145
484.0	5.63149974326E-9	3.47875524462E-8	7.13142934966E-6	3.12633078792E-5	0.41901224921	0.527496144612
486.0	5.66477654003E-9	3.48468168249E-8	7.1987522047E-6	3.31443663598E-5	0.419758646877	0.527844981653
488.0	5.69033319686E-9	3.50640024114E-8	7.3358919418E-6	3.53676697693E-5	0.420842495954	0.528054816986
490.0	5.72978057471E-9	3.52257566387E-8	7.42868349324E-6	3.61987570968E-5	0.422405066485	0.528775049864
492.0	5.75310300284E-9	3.53893410109E-8	7.59793642524E-6	3.72972383078E-5	0.423547814368	0.528918926784
494.0	5.78444648249E-9	3.55493096102E-8	7.77500622185E-6	3.74023611181E-5	0.424731757211	0.530278783684
496.0	5.82960343753E-9	3.55504506332E-8	7.82643547684E-6	3.74038236546E-5	0.425267310103	0.531244206589
498.0	5.86722151709E-9	3.56669212554E-8	7.97372299345E-6	3.75832922963E-5	0.427808841038	0.534331156004
500.0	5.90377685298E-9	3.57845798925E-8	8.0692772538E-6	3.80312698516E-5	0.431075116166	0.540023867715
502.0	5.94713690699E-9	3.5790130155E-8	8.12405215697E-6	3.82275515266E-5	0.432819232989	0.541140155156
504.0	5.9948611353E-9	3.57946201407E-8	8.19134861899E-6	3.82813193251E-5	0.434771033686	0.542792937867
506.0	6.03400807226E-9	3.58048308844E-8	8.27268382828E-6	3.8504765012E-5	0.435291047121	0.5436539937
508.0	6.06490285377E-9	3.58143555762E-8	8.34483394475E-6	3.89089202595E-5	0.43664228012	0.544672363615
510.0	6.08930664124E-9	3.58222697374E-8	8.41660502117E-6	3.95951326498E-5	0.437349813954	0.544732155475
512.0	6.12945885955E-9	3.60118628031E-8	8.53557635033E-6	3.97287477409E-5	0.437916884705	0.545255991581
514.0	6.16627788563E-9	3.62012636974E-8	8.59491371738E-6	3.99599594186E-5	0.439371771014	0.54578373822
516.0	6.20308133204E-9	3.62192721283E-8	8.73947825767E-6	4.00300889508E-5	0.44008797925	0.546559026417
518.0	6.25180472308E-9	3.62296764172E-8	8.92039222688E-6	4.02281072675E-5	0.441106542595	0.546794704916
520.0	6.30937590987E-9	3.83602427578E-8	9.00571028901E-6	4.0214125409E-5	0.442849225991	0.548255042397
522.0	6.36627082785E-9	4.0608875361E-8	9.07425597749E-6	4.02383987819E-5	0.44820165392	0.552410545256
524.0	6.40210749957E-9	4.07449693435E-8	9.16501687473E-6	4.0301017658E-5	0.450301572226	0.55347571732
526.0	6.44390736479E-9	4.07636850007E-8	9.25698304618E-6	4.04454405128E-5	0.452386785829	0.556887580677
528.0	6.49585566564E-9	4.14692561032E-8	9.37401808002E-6	4.05907966431E-5	0.452997355909	0.5573276562
530.0	6.55440038962E-9	4.21620279508E-8	9.47070648061E-6	4.07034569909E-5	0.454251082864	0.558464186372
532.0	6.6228456158E-9	4.21653846236E-8	9.50798292876E-6	4.08247560646E-5	0.455123471996	0.5589242708
534.0	6.70773123873E-9	4.22791621646E-8	9.60493641663E-6	4.09852718711E-5	0.455922122408	0.559672537458
536.0	6.76989084355E-9	4.23895700058E-8	9.62862415266E-6	4.16993942861E-5	0.456902444797	0.56085121866
538.0	6.85022568646E-9	4.24231205787E-8	9.73771282436E-6	4.20195986387E-5	0.457288952921	0.560846524894
540.0	6.92856095678E-9	4.24639724545E-8	9.91300255033E-6	4.20962761528E-5	0.458453184263	0.56150271497
542.0	6.99656476133E-9	4.24718901388E-8	1.00876547554E-5	4.25435767328E-5	0.460282027791	0.565998229861
544.0	7.07667807233E-9	4.24936661775E-8	1.0283363291E-5	4.28348178484E-5	0.46707967509	0.573511228522
546.0	7.17308778541E-9	4.25163318394E-8	1.04434041372E-5	4.28846369796E-5	0.46913820054	0.576197746657
548.0	7.27251632815E-9	4.25178693627E-8	1.05616283573E-5	4.2879077443E-5	0.471906744312	0.582816913785
550.0	7.34861764009E-9	4.25213170581E-8	1.06466723151E-5	4.2941033982E-5	0.473300877983	0.584279759936
552.0	7.42006903121E-9	4.25280217689E-8	1.07091875687E-5	4.37628489066E-5	0.474068490185	0.587318071454
554.0	7.50713836807E-9	4.25317831693E-8	1.08793687141E-5	4.52460858424E-5	0.47665490611	0.587653886744
556.0	7.59579074955E-9	4.25319735552E-8	1.0900728714E-5	4.7980637874E-5	0.47673424956	0.589573411796
558.0	7.69605497807E-9	4.25324566455E-8	1.10372013299E-5	4.98769798558E-5	0.477285678339	0.59133483819
560.0	7.8419165494E-9	4.25330767105E-8	1.10980067729E-5	5.18009685856E-5	0.478393604265	0.591618140519
562.0	7.94229024437E-9	4.26818622693E-8	1.11473297533E-5	5.29855047196E-5	0.479630734578	0.592083060514
564.0	8.04055275013E-9	4.29705274998E-8	1.12241847981E-5	5.3725077711E-5	0.481650929803	0.594100197081
566.0	8.14202503736E-9	4.31113039502E-8	1.12568376091E-5	5.4420151187E-5	0.483760444787	0.595636038712
568.0	8.28992666129E-9	4.31126187745E-8	1.12788840614E-5	5.50903664463E-5	0.485509133231	0.596922561169
570.0	8.42724696498E-9	4.31403568792E-8	1.13381181039E-5	5.56257669553E-5	0.486766227901	0.59792503073
572.0	8.51928756134E-9	4.31688884972E-8	1.14269262394E-5	5.63336895681E-5	0.488078822701	0.598558188005
574.0	8.63947073027E-9	4.31722692591E-8	1.14781639016E-5	5.68950148607E-5	0.488547545044	0.599304042334
576.0	8.74605281794E-9	4.31742267811E-8	1.15823077594E-5	5.70558258405E-5	0.489429338367	0.600455679329
578.0	8.89043935854E-9	4.33195331529E-8	1.1607209085E-5	5.76816376553E-5	0.489761498517	0.60275109033
580.0	9.07564822807E-9	4.34643300932E-8	1.16638544166E-5	5.7955724858E-5	0.490945484727	0.605063584814
582.0	9.24241450895E-9	4.34667984528E-8	1.17305102956E-5	5.93355705057E-5	0.491793258394	0.606277980306
584.0	9.42507134511E-9	4.36064211398E-8	1.17893339846E-5	5.94470396042E-5	0.492594408434	0.609035924531
586.0	9.64975724638E-9	4.38837642332E-8	1.18145839139E-5	5.96534165383E-5	0.493230583373	0.610105019123
588.0	9.88336820944E-9	4.41646300813E-8	1.18412579877E-5	6.02671343669E-5	0.494648345249	0.611603558755
590.0	1.0136945185E-8	4.43053593768E-8	1.18918671088E-5	6.06778681367E-5	0.496562576141	0.612575070398
592.0	1.03887406232E-8	4.43061519814E-8	1.19630704681E-5	6.09071232329E-5	0.497885443115	0.613829931934
594.0	1.06634960475E-8	4.43071181259E-8	1.20268493089E-5	6.1650319628E-5	0.498442707463	0.614477625844
596.0	1.09536673759E-8	4.43080840078E-8	1.20985993171E-5	6.45191101723E-5	0.499033553718	0.614689883413
598.0	1.1255009656E-8	4.43090097134E-8	1.21799614249E-5	6.68294182691E-5	0.499477872678	0.61495695519
600.0	1.16051378137E-8	4.43099282506E-8	1.22966337506E-5	6.87090992798E-5	0.50009514312	0.61566988276
602.0	1.19259643545E-8	4.43108683107E-8	1.2358087525E-5	6.98479048767E-5	0.500773713115	0.615710161506
604.0	1.2302976756E-8	4.43207798854E-8	1.25048908882E-5	7.01688791133E-5	0.501098916836	0.616049919175
606.0	1.26919231563E-8	4.49537472537E-8	1.25754856357E-5	7.05041246226E-5	0.501902683618	0.616962764684
608.0	1.31118125149E-8	4.55747828884E-8	1.26730799427E-5	7.05118472338E-5	0.503577135728	0.617673220536
610.0	1.35275571062E-8	4.55751990328E-8	1.27508722021E-5	7.06144770729E-5	0.505219981465	0.620521555724
612.0	1.39385552574E-8	4.5584406216E-8	1.28112189846E-5	7.07655064833E-5	0.505940845444	0.62106446222
614.0	1.43120247763E-8	4.55938201868E-8	1.28945681931E-5	7.09801114574E-5	0.506942829923	0.622582536367
616.0	1.48621399147E-8	4.56600193414E-8	1.29927656692E-5	7.18709679458E-5	0.507650411045	0.623340181375
618.0	1.54930533687E-8	4.59245498411E-8	1.30574782493E-5	7.51197580063E-5	0.508506641613	0.623635001802
620.0	1.60237318064E-8	4.63218219779E-8	1.31227334201E-5	7.77982456765E-5	0.508984297366	0.623767352312
622.0	1.65472635737E-8	4.65333581695E-8	1.32339407157E-5	7.89267752018E-5	0.509238519453	0.623832098365
624.0	1.71880918643E-8	4.65485558661E-8	1.34337991426E-5	8.00436713547E-5	0.509787004507	0.623967811279
626.0	1.76474871455E-8	4.65505575367E-8	1.35448438872E-5	8.01892601211E-5	0.510260705342	0.623979484505
628.0	1.80595397617E-8	4.68302959247E-8	1.37206933917E-5	8.03812596567E-5	0.511036435165	0.624637067227
630.0	1.86507012676E-8	4.92224594537E-8	1.39227901475E-5	8.04112234627E-5	0.51303210273	0.625490538039
632.0	1.9254533254E-8	5.13279965094E-8	1.40081623429E-5	8.04133456506E-5	0.516956244989	0.627637338411
634.0	1.97025234899E-8	5.13419954604E-8	1.41027810975E-5	8.04642563063E-5	0.518999169634	0.629053614505
636.0	2.03184202995E-8	5.13881981033E-8	1.42344990101E-5	8.0745691499E-5	0.520784776743	0.632042247568
638.0	2.10449366504E-8	5.16519354869E-8	1.43468950892E-5	8.12480156318E-5	0.521641644091	0.632334360586
640.0	2.17704455768E-8	5.19005529196E-8	1.44305543552E-5	8.21449257066E-5	0.5225690413	0.633697054569
642.0	2.27010559174E-8	5.19737161526E-8	1.45601088323E-5	8.27088642539E-5	0.523053104002	0.633507620751
644.0	2.34663882778E-8	5.2202685558E-8	1.46572613434E-5	8.26865350171E-5	0.523718806059	0.634523400982
646.0	2.42940720406E-8	5.23771412851E-8	1.4814280959E-5	8.30261076548E-5	0.524447368373	0.635601779096
648.0	2.53401132713E-8	5.23783963835E-8	1.50553067099E-5	8.30059421397E-5	0.524693205638	0.636161705211
650.0	2.62181559966E-8	5.23796505073E-8	1.52850762713E-5	8.30617065328E-5	0.525867629665	0.636801563236
652.0	2.69781106782E-8	5.23803280163E-8	1.54743847281E-5	8.30542115658E-5	0.528062596541	0.641035625938
654.0	2.77948676489E-8	5.2400639463E-8	1.5650493519E-5	8.31165936575E-5	0.532026214928	0.642823700531
656.0	2.86984756466E-8	5.24359034799E-8	1.59891502532E-5	8.34210597267E-5	0.533215927051	0.644099356877
658.0	3.0869104774E-8	5.24531881054E-8	1.63094344378E-5	8.38694303327E-5	0.534804358961	0.646124922324
660.0	3.39295304919E-8	5.24897344686E-8	1.660746994E-5	8.43319304392E-5	0.535996527447	0.64715242736
662.0	3.66485674965E-8	5.25243454042E-8	1.68901346212E-5	8.56723907093E-5	0.536724303054	0.648371211881
664.0	3.95258491346E-8	5.25244994472E-8	1.70906447604E-5	8.61268451802E-5	0.537927153424	0.649740132083
666.0	4.27540110617E-8	5.25261330715E-8	1.73994797014E-5	8.72774521983E-5	0.538007591272	0.650092373621
668.0	4.51468578648E-8	5.25309755598E-8	1.75199838813E-5	8.77008871776E-5	0.538483216574	0.650785135353
670.0	4.70096358357E-8	5.26726803823E-8	1.76965964499E-5	8.79974201805E-5	0.539483777668	0.650761350044
672.0	4.87281904435E-8	5.28111143938E-8	1.80316899146E-5	8.80075239991E-5	0.540712757517	0.651075799331
674.0	5.03932071056E-8	5.28121814828E-8	1.82631226394E-5	8.87441781687E-5	0.542149447657	0.651819956309
676.0	5.2007698471E-8	5.49972261563E-8	1.84047247895E-5	8.97972724102E-5	0.543399205296	0.652917024428
678.0	5.36712431374E-8	5.73093621795E-8	1.86283317895E-5	9.0131724907E-5	0.544919226356	0.653463970533
680.0	5.63236796025E-8	5.74834304141E-8	1.89324749415E-5	9.01235502707E-5	0.546096114079	0.654251316995
682.0	6.16046620139E-8	5.75214383304E-8	1.92308257418E-5	9.03628357614E-5	0.546966499477	0.655184328785
684.0	6.88840873764E-8	5.75478551228E-8	1.94166854077E-5	9.26111847161E-5	0.548083475426	0.656090380171
686.0	7.76220503965E-8	5.75766020189E-8	1.96196988901E-5	9.42591940023E-5	0.548460255341	0.657403239278
688.0	8.66108184296E-8	5.75816087322E-8	1.98036168429E-5	9.59430947669E-5	0.549317576896	0.660232946381
690.0	9.32049027627E-8	5.75839767333E-8	2.00135723894E-5	9.62285280194E-5	0.549833791436	0.661414931311
692.0	9.98354397808E-8	5.76081754756E-8	2.02855664009E-5	9.71768033456E-5	0.550750860464	0.663688310189
694.0	1.05147467054E-7	5.76350080481E-8	2.05418058623E-5	9.72200133202E-5	0.551457340178	0.666959187551
696.0	1.09866546598E-7	5.76399135728E-8	2.08086993908E-5	9.73773672874E-5	0.552223634179	0.668166142828
698.0	1.14632625407E-7	5.76417985227E-8	2.11073690286E-5	9.78858079454E-5	0.553906726733	0.6706566694
700.0	1.1931963904E-7	5.7650533276E-8	2.15304372007E-5	9.81840048712E-5	0.55547219383	0.672671609447
702.0	1.24165168796E-7	5.78086091816E-8	2.19543544823E-5	9.83461655804E-5	0.557290111132	0.675298615041
704.0	1.32609902535E-7	5.79616246893E-8	2.2276065627E-5	9.88967156599E-5	0.558605711635	0.675894045218
706.0	1.44118264941E-7	5.79667031402E-8	2.26614700541E-5	9.9500205899E-5	0.559546798115	0.677393731792
708.0	1.55652167909E-7	5.79706588693E-8	2.29539024994E-5	1.00046535401E-4	0.560354503678	0.677351073497
710.0	1.69018020782E-7	5.81940437202E-8	2.33065144219E-5	1.00114328395E-4	0.561535528526	0.678356800399
712.0	1.80690121093E-7	5.84672545119E-8	2.36812303325E-5	1.0031845446E-4	0.561793009716	0.67920812771
714.0	1.88149915129E-7	5.85374479064E-8	2.4027018851E-5	1.01340171592E-4	0.562806142175	0.679416982094
716.0	1.98021209365E-7	5.86979685211E-8	2.43302830304E-5	1.0136142921E-4	0.56429037642	0.680914574282
718.0	2.0513989886E-7	5.88685842125E-8	2.46226008541E-5	1.01765405176E-4	0.565495286846	0.681677344731
720.0	2.10587450255E-7	5.89253596913E-8	2.52425116274E-5	1.02393661488E-4	0.566865460541	0.682600719827
722.0	2.16411073639E-7	5.90971805497E-8	2.59937792544E-5	1.0256101362E-4	0.568317330436	0.683643374243
724.0	2.25789058634E-7	5.92391041581E-8	2.64502159767E-5	1.02587649319E-4	0.569480566041	0.684672961881
726.0	2.39433630504E-7	5.92657915424E-8	2.68832249153E-5	1.02915623524E-4	0.570653841664	0.685028032195
728.0	2.56210094761E-7	6.01491771228E-8	2.72313690553E-5	1.03667688946E-4	0.571081309422	0.685090241528
730.0	2.74747430992E-7	6.10037145912E-8	2.7548481605E-5	1.05053859467E-4	0.571549878827	0.685143055718
732.0	2.88360026854E-7	6.12309942038E-8	2.79532669147E-5	1.06218374685E-4	0.572014927336	0.685198817893
734.0	3.00354290224E-7	6.17372746041E-8	2.81882994948E-5	1.07921120741E-4	0.572412216894	0.685694745862
736.0	3.12337158578E-7	6.20174400158E-8	2.84929969884E-5	1.08730428094E-4	0.573224701505	0.68567912701
738.0	3.23728254822E-7	6.20181210129E-8	2.88031581942E-5	1.09454966172E-4	0.57444216958	0.686523727953
740.0	3.33194481173E-7	6.21101293068E-8	2.91224424435E-5	1.09733544073E-4	0.576928097467	0.686949187756
742.0	3.39400896594E-7	6.22690703607E-8	2.98501146301E-5	1.09862807504E-4	0.579389574499	0.687888091519
744.0	3.46580970194E-7	6.23860398931E-8	3.06848508525E-5	1.10034690252E-4	0.58105764297	0.688540287595
746.0	3.58714604572E-7	6.25250929781E-8	3.14226693492E-5	1.10308644343E-4	0.582723728989	0.689730276841
748.0	3.80218648656E-7	6.26319493178E-8	3.20099652495E-5	1.11011673779E-4	0.583670480795	0.690485196943
750.0	4.16179403656E-7	6.2654871301E-8	3.25361471877E-5	1.13144849578E-4	0.584429723897	0.690894760414
752.0	4.48610454951E-7	6.26616637999E-8	3.32565456962E-5	1.15157660571E-4	0.585014754503	0.691017421193
754.0	4.75426309057E-7	6.26755443689E-8	3.38604741956E-5	1.18103210713E-4	0.5854084682	0.691355704964
756.0	4.93600191445E-7	6.26882621997E-8	3.45008036933E-5	1.20065541265E-4	0.585701689464	0.691902309428
758.0	5.1112129119E-7	6.2693108859E-8	3.51785791637E-5	1.22561147672E-4	0.586170910597	0.692462949655
760.0	5.25532735005E-7	6.27009958284E-8	3.57108061014E-5	1.23485973852E-4	0.587536622179	0.692721210806
762.0	5.36354904741E-7	6.27040736027E-8	3.63706884232E-5	1.23714626255E-4	0.590454693042	0.69520499237
764.0	5.4783847093E-7	6.27083850497E-8	3.7333958988E-5	1.23959595322E-4	0.592371019092	0.695760277322
766.0	5.58677361745E-7	6.27136566161E-8	3.82034964566E-5	1.24318744622E-4	0.593725908107	0.696336779928
768.0	5.75246784403E-7	6.27152844205E-8	3.9583265458E-5	1.24759819384E-4	0.594858838834	0.697090955866
770.0	6.09269149774E-7	6.27172737945E-8	4.04621411955E-5	1.25528543793E-4	0.595776836837	0.697391421244
772.0	6.66125358149E-7	6.27187180043E-8	4.13965980199E-5	1.26504884391E-4	0.596646241194	0.698156286149
774.0	7.23825730848E-7	6.27205757519E-8	4.22086076971E-5	1.26575930522E-4	0.597432774614	0.698907313779
776.0	7.78505192747E-7	6.27225441519E-8	4.32102275007E-5	1.26866341439E-4	0.597643408729	0.698798182172
778.0	8.23338502721E-7	6.27248209094E-8	4.39250816412E-5	1.27309972859E-4	0.598019013579	0.698863802285
780.0	8.67869969558E-7	6.2728079698E-8	4.48329925948E-5	1.27904313968E-4	0.598757818616	0.699067308587
782.0	9.03982206921E-7	6.27300358636E-8	4.53230714177E-5	1.28003798033E-4	0.599858037246	0.699389895582
784.0	9.2460410584E-7	6.27309924309E-8	4.62099087134E-5	1.28209770717E-4	0.601067181118	0.700257589122
786.0	9.44145998119E-7	6.27325037977E-8	4.82284775042E-5	1.28743781592E-4	0.602499544948	0.701348393733
788.0	9.63856279072E-7	6.27444286253E-8	4.98007698705E-5	1.29383168171E-4	0.603507285144	0.701923750327
790.0	9.99948294746E-7	6.2755726343E-8	5.11945388822E-5	1.29888735251E-4	0.604588460398	0.702585423123
792.0	1.06295823037E-6	6.27773846519E-8	5.24750290377E-5	1.31092031838E-4	0.605386336339	0.703332866069
794.0	1.13661788645E-6	6.27989774534E-8	5.33641296812E-5	1.35512973503E-4	0.606304938056	0.703728253527
796.0	1.19945673916E-6	6.28187802207E-8	5.45755223122E-5	1.39001962028E-4	0.60683047539	0.704529923759
798.0	1.25143211063E-6	6.28526547873E-8	5.5512629075E-5	1.42844375234E-4	0.607685825811	0.704876201061
800.0	1.28778169675E-6	6.2867634712E-8	5.63552466184E-5	1.44287644871E-4	0.607924816592	0.705444377521
802.0	1.33547029731E-6	6.28680314071E-8	5.77492558022E-5	1.44587461298E-4	0.608460258384	0.705701894034
804.0	1.37670920838E-6	6.28684904989E-8	5.85314234937E-5	1.451078132E-4	0.609053936894	0.706785232786
806.0	1.40468326817E-6	6.28686283182E-8	6.02906539887E-5	1.45464754532E-4	0.609984882694	0.707318894389
808.0	1.42884750868E-6	6.28710615537E-8	6.47606022347E-5	1.46007834153E-4	0.611104158822	0.708248542151
810.0	1.44957919334E-6	6.28876997581E-8	6.7784906653E-5	1.46204105454E-4	0.612893786312	0.708756575995
812.0	1.48180553823E-6	6.29027980825E-8	7.02407348017E-5	1.46249164818E-4	0.614582848481	0.709943199888
814.0	1.54776378735E-6	6.32312092568E-8	7.24840057761E-5	1.47226837533E-4	0.615918795713	0.709956533301
816.0	1.6226958511E-6	6.35573835914E-8	7.38605894859E-5	1.51195745505E-4	0.616733446352	0.711073716352
818.0	1.71027994399E-6	6.35582613014E-8	7.59126636164E-5	1.52359146939E-4	0.617809660071	0.710896316309
820.0	1.75593844261E-6	6.35589517647E-8	7.72988604712E-5	1.53494228824E-4	0.618764669172	0.711164353462
822.0	1.80079853057E-6	6.35595677487E-8	7.90567117043E-5	1.53551621567E-4	0.61910357595	0.711430987405
824.0	1.84541152413E-6	6.42269867151E-8	8.07694716099E-5	1.53693626196E-4	0.619991761264	0.711517114352
826.0	1.88086409519E-6	6.48935971413E-8	8.2020613427E-5	1.53848335919E-4	0.621103470124	0.711613131812
828.0	1.90308930311E-6	6.49137676912E-8	8.35935535936E-5	1.53785404571E-4	0.622504992266	0.712232263923
830.0	1.9267037163E-6	6.50182423224E-8	8.83058485834E-5	1.53871262766E-4	0.62418770252	0.716054180951
832.0	1.9549013852E-6	6.51159665094E-8	9.32529217649E-5	1.53928993393E-4	0.625637038599	0.716850628369
834.0	1.98362317828E-6	6.51772365106E-8	9.71323093695E-5	1.54303692769E-4	0.626466659003	0.717435486668
836.0	2.03857531327E-6	6.52274429136E-8	1.01082391383E-4	1.55118469847E-4	0.627215136912	0.717480578722
838.0	2.11777569697E-6	6.70765109679E-8	1.04207572278E-4	1.56999225002E-4	0.627550826916	0.717551979152
840.0	2.19278376118E-6	6.89220360544E-8	1.06755844533E-4	1.57718586288E-4	0.628034289049	0.717786754204
842.0	2.27348191339E-6	6.90983346928E-8	1.10143715635E-4	1.57985668535E-4	0.628680336196	0.717799964619
844.0	2.32323150799E-6	6.92696204052E-8	1.13184698311E-4	1.58215766158E-4	0.629205435049	0.718080336424
846.0	2.38215022315E-6	6.9296622536E-8	1.1703287169E-4	1.58278695923E-4	0.630173327207	0.718061985937
848.0	2.4293207621E-6	6.93254095705E-8	1.20059012701E-4	1.58473473896E-4	0.631209057838	0.71834722829
850.0	2.46237625529E-6	6.93276320663E-8	1.26404343511E-4	1.58876580929E-4	0.632722320222	0.719230816182
852.0	2.48135565051E-6	6.94738217285E-8	1.45980234218E-4	1.59184650368E-4	0.634481260576	0.719544223618
854.0	2.50830042537E-6	6.96199500124E-8	1.57609263484E-4	1.59140378507E-4	0.635846088902	0.719913330535
856.0	2.54760243027E-6	6.97261720715E-8	1.67760674598E-4	1.59181715084E-4	0.636769923533	0.720302760773
858.0	2.60849192188E-6	6.98328554004E-8	1.7344290127E-4	1.59645418137E-4	0.63717942123	0.720730536208
860.0	2.69563099751E-6	6.98346913178E-8	1.80407212077E-4	1.60772544484E-4	0.637658340902	0.72088737068
862.0	2.78083365908E-6	6.98370146191E-8	1.84934201722E-4	1.61192492949E-4	0.638019707932	0.721241958657
864.0	2.8614468846E-6	6.9839258162E-8	1.908735191E-4	1.63547710413E-4	0.638484396113	0.721503850627
866.0	2.93594930414E-6	6.98402567009E-8	1.98994935269E-4	1.64428523591E-4	0.638710717327	0.72180851419
868.0	2.99010942433E-6	6.98415198943E-8	2.05060229545E-4	1.65061478523E-4	0.639338580151	0.722264094981
870.0	3.04663891144E-6	6.98430854013E-8	2.09019210272E-4	1.6570210665E-4	0.639972892712	0.722282952588
872.0	3.09128966996E-6	6.98439554402E-8	2.16767172567E-4	1.66436667398E-4	0.641028316692	0.722902239438
874.0	3.12943864079E-6	6.98448596833E-8	2.37363173634E-4	1.6719330988E-4	0.641880956501	0.723267224549
876.0	3.16243617307E-6	6.98464265641E-8	2.50275633537E-4	1.67637556108E-4	0.642622880749	0.723621998029
878.0	3.20712361122E-6	6.98512004845E-8	2.59066051469E-4	1.67875218781E-4	0.643333100167	0.723884977497
880.0	3.31705906631E-6	6.98569751247E-8	2.69629028104E-4	1.68095526275E-4	0.643899808396	0.724111264099
882.0	3.40233122838E-6	6.99994852633E-8	2.75203719417E-4	1.6812566015E-4	0.644573210512	0.724587810062
884.0	3.49414719654E-6	7.02779221666E-8	2.85826266273E-4	1.69359917597E-4	0.645097630133	0.724688197903
886.0	3.58428853177E-6	7.04160500297E-8	2.95882522511E-4	1.69956041548E-4	0.645465195084	0.724794817082
888.0	3.6673366639E-6	7.04170473317E-8	3.06164531669E-4	1.71621938679E-4	0.645733744982	0.724773635389
890.0	3.75945053642E-6	7.04195970633E-8	3.15153764148E-4	1.7333042475E-4	0.646154133303	0.724844232521
892.0	3.82152697952E-6	7.04244112584E-8	3.20741142147E-4	1.73189865656E-4	0.646833611359	0.725091089646
894.0	3.86700144475E-6	7.04310652298E-8	3.31097821077E-4	1.73848072419E-4	0.648103004626	0.725486582043
896.0	3.90632728511E-6	7.06388783037E-8	3.50910741579E-4	1.74966139482E-4	0.649141787268	0.725811659301
898.0	3.95099182569E-6	7.08580906567E-8	3.74413827025E-4	1.75458165988E-4	0.64983864524	0.725861921389
900.0	4.02396425848E-6	7.08768457655E-8	3.89609161751E-4	1.75535704789E-4	0.650619661293	0.72599777058
902.0	4.15238131012E-6	7.0879802962E-8	4.04095688999E-4	1.75676428024E-4	0.651269895486	0.726122153351
904.0	4.3016711662E-6	7.08807277994E-8	4.16220128518E-4	1.75858577942E-4	0.651678648128	0.726184770189
906.0	4.41287765193E-6	7.08816887738E-8	4.28916471521E-4	1.75982599726E-4	0.652229080219	0.726778640836
908.0	4.52046963557E-6	7.08901777403E-8	4.42246923712E-4	1.77546616807E-4	0.652573640875	0.727117969291
910.0	4.63943020761E-6	7.08988448281E-8	4.57288659275E-4	1.7956035283E-4	0.652913215081	0.727579799868
912.0	4.70589747339E-6	7.09214927402E-8	4.75295781063E-4	1.82063683829E-4	0.653376433929	0.727787675868
914.0	4.77558081256E-6	7.1986706765E-8	4.85185861018E-4	1.83820739403E-4	0.653954130378	0.728131424808
916.0	4.82502192642E-6	7.30846037201E-8	5.07804521575E-4	1.84405355833E-4	0.654874099418	0.728724833961
918.0	4.87035668498E-6	7.31456115557E-8	5.46013564843E-4	1.84938803934E-4	0.655682100182	0.729090854954
920.0	4.92865939866E-6	7.31639930529E-8	5.81482261928E-4	1.85427522097E-4	0.657199343063	0.72938134823
922.0	4.99979395481E-6	7.31831469513E-8	6.02690043644E-4	1.85920248516E-4	0.658100562979	0.729863516999
924.0	5.08956868515E-6	7.40832800653E-8	6.2742739871E-4	1.88075362699E-4	0.658954064373	0.730221638479
926.0	5.21112533924E-6	7.49770252003E-8	6.39458906649E-4	1.93568095373E-4	0.659447969248	0.730459621948
928.0	5.3511007062E-6	7.49776656433E-8	6.59982358452E-4	1.97012137521E-4	0.660167066003	0.73098978837
930.0	5.44893579968E-6	7.4977786914E-8	6.81397141286E-4	2.03183488917E-4	0.660509626399	0.730986090677
932.0	5.55560994209E-6	7.49782002984E-8	6.94503945796E-4	2.03872742115E-4	0.660903543936	0.731093838262
934.0	5.62242943677E-6	7.50551275077E-8	7.26032727465E-4	2.05385394291E-4	0.661378253616	0.731243050332
936.0	5.67657827806E-6	7.5849443356E-8	7.41288950216E-4	2.06475140888E-4	0.662060843938	0.731981874544
938.0	5.73133045396E-6	7.65641843091E-8	7.62284849529E-4	2.06842500365E-4	0.663655100162	0.732847872951
940.0	5.78003515401E-6	7.65797795233E-8	8.14403113293E-4	2.07155570074E-4	0.665170546177	0.736353941015
942.0	5.82913931827E-6	7.67722316013E-8	8.59325467511E-4	2.07233878177E-4	0.666104469058	0.736930580312
944.0	5.90594421802E-6	7.69537664153E-8	8.87137247916E-4	2.07335047808E-4	0.666728814474	0.738490591934
946.0	6.04742703437E-6	7.69596305988E-8	9.14297447631E-4	2.07917743301E-4	0.667160244871	0.738951677543
948.0	6.18474070583E-6	7.9304580319E-8	9.28215290975E-4	2.0981506747E-4	0.667676272326	0.739468442912
950.0	6.31241533335E-6	8.30722345038E-8	9.49020108738E-4	2.12368125595E-4	0.668142077039	0.739986206517
952.0	6.44788552593E-6	8.4636042007E-8	9.74529963428E-4	2.12915515096E-4	0.668673029856	0.739938941919
954.0	6.55587240896E-6	8.47821488925E-8	9.90238191716E-4	2.16864609842E-4	0.668975193393	0.739975166454
956.0	6.65683349125E-6	8.47922520603E-8	0.00102153992902	2.17244563328E-4	0.669647387013	0.739970084799
958.0	6.75818771105E-6	8.57063736016E-8	0.00104210657265	2.18186921284E-4	0.670345354272	0.74003205267
960.0	6.82595797226E-6	8.66161132387E-8	0.00106871421577	2.19052651144E-4	0.671346649903	0.741084909155
962.0	6.89932100369E-6	8.90156456722E-8	0.00112597332219	2.19377865108E-4	0.672737585526	0.742084998798
964.0	6.97287833224E-6	9.154086592E-8	0.00118006298945	2.19832029487E-4	0.67399690104	0.742354883442
966.0	7.04402451541E-6	9.16822350107E-8	0.00121342817836	2.2048517371E-4	0.674607377288	0.742907445748
968.0	7.20829559953E-6	9.20210426544E-8	0.00124466338151	2.22014743869E-4	0.675332984662	0.743059147882
970.0	7.44557365815E-6	9.23543025782E-8	0.00126220608381	2.24421388647E-4	0.675747576045	0.743495876411
972.0	7.69937138802E-6	9.23564030324E-8	0.00128417458374	2.24943896365E-4	0.676244571012	0.74385006301
974.0	7.90128815443E-6	9.23591895261E-8	0.00130960319022	2.27018899008E-4	0.676802113359	0.743953390884
976.0	8.09253009291E-6	9.23909939646E-8	0.00132601485198	2.27678414345E-4	0.67704376508	0.744020276219
978.0	8.22934530155E-6	9.25652327119E-8	0.00136021017167	2.27812072578E-4	0.677745061711	0.744302656995
980.0	8.36440076769E-6	9.49614270587E-8	0.00137853565478	2.28744799726E-4	0.678780317857	0.74440698286
982.0	8.45697665995E-6	9.72049541576E-8	0.00141435017344	2.29412272805E-4	0.679654830068	0.744483865747
984.0	8.5252562129E-6	9.7207021203E-8	0.0015026912597	2.29859744295E-4	0.680372440719	0.744832333584
986.0	8.61521524717E-6	9.73936493583E-8	0.00157921964126	2.3017870543E-4	0.681226927958	0.745051427829
988.0	8.76081948498E-6	9.75804720327E-8	0.00163134737328	2.30382637726E-4	0.681790828838	0.745103843535
990.0	8.9908966264E-6	9.75821467729E-8	0.00167913463342	2.31310423695E-4	0.682301116866	0.745358655407
992.0	9.21637354806E-6	9.75835464735E-8	0.00171248519118	2.34296151176E-4	0.682694505685	0.745547199898
994.0	9.43413092686E-6	9.75879775674E-8	0.00174617826876	2.34670729384E-4	0.683044457855	0.745631409239
996.0	9.63412812524E-6	1.00541189202E-7	0.0017810674097	2.36905040635E-4	0.683522514412	0.745831833289
998.0	9.82440303486E-6	1.03481067282E-7	0.00180606441134	2.36748597661E-4	0.683783996188	0.745819152399
1000.0	9.94309568005E-6	1.03492662777E-7	0.00183721096365	2.36777639815E-4	0.684163376203	0.745872175894
1002.0	1.00571340536E-5	1.03521809314E-7	0.00186384283612	2.37259358314E-4	0.684975302446	0.745939649143
1004.0	1.01570914278E-5	1.03541667572E-7	0.00189823002859	2.37323208093E-4	0.685885377529	0.746288907174
1006.0	1.02248885606E-5	1.05039632278E-7	0.00201476290503	2.37515336973E-4	0.68672177315	0.746496544526
1008.0	1.03014021348E-5	1.0653421465E-7	0.00211686660978	2.37792407806E-4	0.687362539658	0.746673189014
1010.0	1.04251600129E-5	1.06557584934E-7	0.00217978877315	2.38222331809E-4	0.68797786316	0.746830748569
1012.0	1.07036679792E-5	1.06580107472E-7	0.00224136304376	2.39429775711E-4	0.688472437888	0.746976535637
1014.0	1.10766198436E-5	1.065834764E-7	0.00228702561129	2.42874622312E-4	0.688818457505	0.747215267403
1016.0	1.14132749721E-5	1.0658524975E-7	0.00233323450242	2.45138902864E-4	0.689359982023	0.748409329258
1018.0	1.16854925576E-5	1.06587340383E-7	0.00239045629769	2.4710365146E-4	0.689692492663	0.749379993402
1020.0	1.1956781575E-5	1.06973502655E-7	0.00241737943754	2.4925068929E-4	0.69003471707	0.750484559289
1022.0	1.21360476156E-5	1.07390158628E-7	0.00246011861959	2.50233756079E-4	0.690306118468	0.750951761155
1024.0	1.22802665418E-5	1.07424264138E-7	0.0024838930727	2.50433005263E-4	0.690646568461	0.752321365726
1026.0	1.23911394311E-5	1.07426231242E-7	0.00251873473059	2.52704517617E-4	0.691307796724	0.753182161727
1028.0	1.25010069685E-5	1.07483356236E-7	0.00268235128308	2.54705533587E-4	0.691903656739	0.75394330153
1030.0	1.2620192599E-5	1.07548219137E-7	0.00279097686385	2.5500361648E-4	0.692781795245	0.755280544499
1032.0	1.28206469094E-5	1.0767516659E-7	0.00286018408364	2.54827109128E-4	0.693292027224	0.756795336798
1034.0	1.31419110229E-5	1.07866813765E-7	0.00293421147486	2.55097071872E-4	0.693965114296	0.758121359982
1036.0	1.34831217389E-5	1.08172839884E-7	0.00298004154591	2.56069029605E-4	0.694349755421	0.758732645968
1038.0	1.38038471227E-5	1.08406724868E-7	0.00303489873843	2.56826887596E-4	0.694822161705	0.759517832851
1040.0	1.40329980548E-5	1.08411208173E-7	0.00309027466011	2.57944867042E-4	0.695107712492	0.759770001962
1042.0	1.42675616578E-5	1.08412985595E-7	0.0031246067952	2.58830994258E-4	0.695485493485	0.7606641145
1044.0	1.44527549678E-5	1.08413994228E-7	0.00317075991065	2.59067297352E-4	0.695844495318	0.760724180947
1046.0	1.46002142419E-5	1.08415517589E-7	0.00320654120185	2.59989896999E-4	0.696595603491	0.762479718756
1048.0	1.47590216183E-5	1.10329163387E-7	0.00325412969281	2.60015432658E-4	0.697611005648	0.764264389515
1050.0	1.4912137637E-5	1.12282979033E-7	0.00341180223833	2.60067057202E-4	0.698697643739	0.765571863803
1052.0	1.50396609917E-5	1.12481137176E-7	0.00349958668049	2.60251308374E-4	0.699378850162	0.766580695705
1054.0	1.52403433637E-5	1.12630356511E-7	0.00357540617508	2.60525530821E-4	0.700242252348	0.768934021837
1056.0	1.55617126265E-5	1.12631399403E-7	0.00363401334265	2.6120327713E-4	0.700986536849	0.769290671357
1058.0	1.59772386251E-5	1.1300765244E-7	0.00368740362219	2.61714989704E-4	0.70156080311	0.770428077325
1060.0	1.64320072013E-5	1.13382998379E-7	0.00372756415933	2.61833629672E-4	0.702043283838	0.770948149088
1062.0	1.6830339062E-5	1.13383811298E-7	0.00376422701578	2.6206297419E-4	0.702383188102	0.770911108967
1064.0	1.72147419123E-5	1.13386323242E-7	0.0038017192151	2.63763811617E-4	0.702557544856	0.771140305347
1066.0	1.74889783747E-5	1.1339445965E-7	0.00383348166391	2.64675975495E-4	0.702872032071	0.77114238997
1068.0	1.77332181332E-5	1.13401122726E-7	0.00387404010683	2.64727753753E-4	0.703885423816	0.771251235223
1070.0	1.79127943686E-5	1.13461711224E-7	0.00392869834806	2.65750088156E-4	0.705039533875	0.772022956333
1072.0	1.80654067545E-5	1.13523606832E-7	0.00411248426696	2.66464481738E-4	0.705966355101	0.774298716985
1074.0	1.82471476787E-5	1.13535189509E-7	0.00420387317518	2.66661185304E-4	0.707025267822	0.774485735168
1076.0	1.85847738132E-5	1.1382226864E-7	0.00429901803081	2.66647696791E-4	0.707735719894	0.775013170412
1078.0	1.90340470732E-5	1.14099357859E-7	0.00435978222213	2.66701588806E-4	0.708706420503	0.775090739655
1080.0	1.94803843499E-5	1.14100614185E-7	0.00441705900064	2.67413804816E-4	0.709298961501	0.775680616417
1082.0	1.99827668388E-5	1.14237459129E-7	0.00445636993649	2.69391573376E-4	0.709827454304	0.776064332043
1084.0	2.03737881724E-5	1.14516443138E-7	0.00449307312973	2.7374753181E-4	0.710173170538	0.776544178904
1086.0	2.08108420608E-5	1.14662936549E-7	0.00452572072993	2.77442960236E-4	0.710414757138	0.776648997369
1088.0	2.11232690047E-5	1.15208804877E-7	0.00456332881026	2.7974177789E-4	0.710951879324	0.777437134352
1090.0	2.13842225162E-5	1.15749758527E-7	0.00460652699677	2.82939447312E-4	0.711811351776	0.777731804452
1092.0	2.16201677932E-5	1.15749887656E-7	0.00465970689295	2.84778586795E-4	0.712611225167	0.778051597151
1094.0	2.18641173972E-5	1.15750299463E-7	0.00478580965655	2.85612647603E-4	0.713592058945	0.778646653406
1096.0	2.20932466554E-5	1.15751525393E-7	0.0049014197939	2.86211264653E-4	0.714553781368	0.779026561717
1098.0	2.24042725892E-5	1.15759853209E-7	0.00499296314829	2.86914702316E-4	0.71537701602	0.779184226967
1100.0	2.28521298664E-5	1.16043975034E-7	0.00505156769257	2.88765815387E-4	0.715985889268	0.779405604458
1102.0	2.32561895856E-5	1.1631963575E-7	0.00511410948003	2.9086658662E-4	0.716595447058	0.779445277591
1104.0	2.36317247632E-5	1.16320765136E-7	0.00517706945649	2.92385400792E-4	0.716899134184	0.779632098682
1106.0	2.38948937213E-5	1.16321078726E-7	0.00522725858983	2.95322382239E-4	0.717296811211	0.779752052713
1108.0	2.41879288308E-5	1.16321898819E-7	0.00527052570349	2.95310617422E-4	0.71755310905	0.779833030166
1110.0	2.43979672284E-5	1.16340262569E-7	0.00530672801558	2.9705395244E-4	0.717927409669	0.779985911038
1112.0	2.45784135057E-5	1.16369027602E-7	0.00533707101721	2.97344302591E-4	0.718650997817	0.780298862734
1114.0	2.47845620411E-5	1.16380297835E-7	0.00538457287869	2.97866057975E-4	0.719505260411	0.780664255672
1116.0	2.50262030208E-5	1.16384045327E-7	0.00552966444493	2.98784995911E-4	0.720264473354	0.780953213981
1118.0	2.52141478672E-5	1.16406897843E-7	0.00565093542585	2.99163788509E-4	0.720977308645	0.781492560241
1120.0	2.54260521034E-5	1.16461775907E-7	0.00575834844007	2.9926748468E-4	0.72161580964	0.78186778186
1122.0	2.58355653335E-5	1.16500008089E-7	0.00582062198888	2.99905684105E-4	0.722083903046	0.782149194609
1124.0	2.64480577817E-5	1.16513460973E-7	0.00587866229614	3.02957196743E-4	0.722702784561	0.782380514319
1126.0	2.70854702424E-5	1.16531001969E-7	0.00592773869601	3.05762456805E-4	0.723026798641	0.783492987849
1128.0	2.76318467208E-5	1.16560612618E-7	0.00599569519263	3.08365036201E-4	0.72343812085	0.783982450777
1130.0	2.8085612143E-5	1.16584420973E-7	0.00605208586507	3.11347170859E-4	0.723761582631	0.784998682796
1132.0	2.84983795605E-5	1.16586847547E-7	0.00611084048627	3.12407497785E-4	0.724019531287	0.785191419688
1134.0	2.88034665756E-5	1.16589702161E-7	0.00616045360385	3.13063160905E-4	0.724770416464	0.786206408959
1136.0	2.90466152223E-5	1.16591704978E-7	0.00620443553308	3.13555432282E-4	0.725459379494	0.787159596348
1138.0	2.92474811087E-5	1.16594145983E-7	0.00643001005402	3.13567325386E-4	0.726100695242	0.788265741352
1140.0	2.9460083637E-5	1.16603889766E-7	0.00664569680112	3.13664339655E-4	0.726886288261	0.78960953744
1142.0	2.96823226153E-5	1.16643032555E-7	0.00681821882505	3.14031015721E-4	0.727685176707	0.791276809784
1144.0	3.01325339031E-5	1.16674256524E-7	0.00693365666227	3.15557885899E-4	0.728370033334	0.792788432858
1146.0	3.06293522616E-5	1.16675865299E-7	0.00702900911131	3.19766092107E-4	0.728859026044	0.793781773959
1148.0	3.11378388771E-5	1.16677161306E-7	0.0070996450316	3.20678274128E-4	0.72919116363	0.794262073042
1150.0	3.15045156761E-5	1.16677040682E-7	0.00720073378141	3.24122512774E-4	0.729556067879	0.79451561845
1152.0	3.18798025659E-5	1.16678096857E-7	0.00729755141659	3.24386637312E-4	0.729804944261	0.795617068078
1154.0	3.23708351913E-5	1.16680096253E-7	0.00734765787506	3.24693059863E-4	0.730132176193	0.795599909843
1156.0	3.26890021349E-5	1.16683136413E-7	0.00743334269504	3.25271952678E-4	0.730857133286	0.796562327361
1158.0	3.2971766076E-5	1.16684229014E-7	0.00749476720789	3.26202589987E-4	0.731536267625	0.798433688116
1160.0	3.32504998482E-5	1.16685620872E-7	0.00766543913244	3.26811436574E-4	0.732108773957	0.798780818887
1162.0	3.3470583029E-5	1.16688491787E-7	0.00781460852265	3.27017242872E-4	0.733014210399	0.799788743443
1164.0	3.37674189194E-5	1.16695029282E-7	0.00798696307695	3.27094090724E-4	0.733823899617	0.801553576782
1166.0	3.43203852673E-5	1.16705050156E-7	0.00809586713281	3.27323380043E-4	0.734689997022	0.801607705545
1168.0	3.49466935289E-5	1.16710955143E-7	0.00818036771124	3.27900408779E-4	0.735109135819	0.802627678058
1170.0	3.57741406953E-5	1.16712690257E-7	0.00824996531119	3.28325418091E-4	0.735541376614	0.802922116921
1172.0	3.6474465522E-5	1.1685630788E-7	0.0083187532686	3.28777614772E-4	0.735760997171	0.802955243735
1174.0	3.74091061489E-5	1.17000045866E-7	0.00840985695235	3.29610059758E-4	0.735910863104	0.803272669729
1176.0	3.80620823034E-5	1.17001590951E-7	0.00848963048985	3.29458256692E-4	0.736194573224	0.803297642362
1178.0	3.85381176473E-5	1.17006504811E-7	0.00861060247637	3.29849296078E-4	0.736699525389	0.803439362828
1180.0	3.89962048576E-5	1.17009510162E-7	0.00871997290818	3.30418002489E-4	0.737450329669	0.803759506368
1182.0	3.93969990721E-5	1.17010567403E-7	0.00888773955299	3.3049601013E-4	0.738283813271	0.806348715034
1184.0	3.97779594055E-5	1.17013197628E-7	0.00908181743296	3.30675739035E-4	0.739109347827	0.806496187845
1186.0	4.02385051351E-5	1.17017070205E-7	0.00926564693827	3.31201624925E-4	0.739826185795	0.80672835468
1188.0	4.09482571425E-5	1.1702095415E-7	0.00938448082281	3.32295830916E-4	0.740478270943	0.806751971926
1190.0	4.1824228649E-5	1.17023462477E-7	0.00945644109565	3.33758833699E-4	0.741042480533	0.80714791298
1192.0	4.26620186184E-5	1.17025502967E-7	0.00949832439569	3.35067601161E-4	0.741405426631	0.807302674142
1194.0	4.34178471194E-5	1.1702601449E-7	0.00956170263558	3.36458909115E-4	0.74171168723	0.807819835336
1196.0	4.42787142713E-5	1.17027375653E-7	0.00962912735112	3.38177476761E-4	0.741917498327	0.807950749255
1198.0	4.48599591756E-5	1.17030550129E-7	0.00970516641303	3.38764685419E-4	0.742318888787	0.808608733018
1200.0	4.54087525394E-5	1.17054905058E-7	0.00980390864204	3.39201468729E-4	0.742909689963	0.808931300432
1202.0	4.58480825406E-5	1.17075703175E-7	0.00993311198219	3.4124610281E-4	0.743965645108	0.809037345855
1204.0	4.61705797994E-5	1.1707859894E-7	0.0101837031091	3.42874178608E-4	0.74506713691	0.809600286064
1206.0	4.64803102732E-5	1.1708811456E-7	0.010374439843	3.4306397339E-4	0.7459933744	0.809925006304
1208.0	4.68897214343E-5	1.17097006396E-7	0.0105706384395	3.42974860815E-4	0.74680058826	0.809972903337
1210.0	4.76646293983E-5	1.1710076082E-7	0.0107124765982	3.43386292523E-4	0.747374811551	0.81010601467
1212.0	4.8546509747E-5	1.17116825898E-7	0.0108022750856	3.44904348246E-4	0.748000615414	0.810152232134
1214.0	4.93156888787E-5	1.17147191437E-7	0.0108925168152	3.45117114198E-4	0.748347127051	0.810163409332
1216.0	5.00275201444E-5	1.17161932055E-7	0.010990615498	3.47442433201E-4	0.748764983221	0.810220968895
1218.0	5.0580569544E-5	1.17163269895E-7	0.0110737572852	3.47125812185E-4	0.748952960981	0.810341698385
1220.0	5.11875222625E-5	1.17168348032E-7	0.011179401986	3.47726677655E-4	0.749503034722	0.810386590783
1222.0	5.16636705913E-5	1.17174836273E-7	0.0112572247768	3.48125129587E-4	0.749982333437	0.810570341647
1224.0	5.20634364074E-5	1.17202656948E-7	0.0113752572443	3.48138038203E-4	0.750655995313	0.810770122731
1226.0	5.24240744286E-5	1.17515464845E-7	0.0116206829125	3.48279183043E-4	0.751379829273	0.811091922448
1228.0	5.27928792033E-5	1.17817287774E-7	0.0117890116551	3.48432033955E-4	0.752159464559	0.811523914869
1230.0	5.31272981596E-5	1.17836420605E-7	0.0119854754133	3.48598318019E-4	0.75283654554	0.811575764443
1232.0	5.36187622644E-5	1.17840366837E-7	0.0121148374015	3.48947089848E-4	0.753394720043	0.811610766417
1234.0	5.44244492347E-5	1.17842787255E-7	0.0122159326623	3.4921630654E-4	0.753897561095	0.811733625935
1236.0	5.51269794815E-5	1.17862935365E-7	0.0122916168269	3.49514765051E-4	0.754148128964	0.812041639962
1238.0	5.58999533631E-5	1.17881029568E-7	0.0123861871728	3.49642651502E-4	0.754568794186	0.812229237122
1240.0	5.65850751552E-5	1.17890707982E-7	0.012472213525	3.50653587753E-4	0.754754010875	0.81245231976
1242.0	5.72948378766E-5	1.17901984397E-7	0.0125398612013	3.52135273585E-4	0.755262551326	0.812587502671
1244.0	5.78454194244E-5	1.1790621143E-7	0.0126127631133	3.52085971023E-4	0.7559448186	0.812661831486
1246.0	5.83708706727E-5	1.17906759361E-7	0.0127303336001	3.53238050144E-4	0.756513351539	0.812965949437
1248.0	5.89249189645E-5	1.1833536997E-7	0.0129652840526	3.5404299515E-4	0.757142795924	0.81376338351
1250.0	5.93347492302E-5	1.18885208742E-7	0.0131590607022	3.54175503313E-4	0.757901158686	0.814371908419
1252.0	5.97543463125E-5	1.1901077912E-7	0.01339804708	3.54160510189E-4	0.758604902125	0.815013666111
1254.0	6.04039238999E-5	1.19149903088E-7	0.0135478524189	3.54246578638E-4	0.759028528082	0.815607717485
1256.0	6.14908672437E-5	1.19285790179E-7	0.0137084746255	3.54765564611E-4	0.759437679477	0.816118329829
1258.0	6.30073565967E-5	1.19287509325E-7	0.0137871748153	3.56725562451E-4	0.759715520037	0.816362042401
1260.0	6.41446451595E-5	1.19302868805E-7	0.0138749947323	3.58960949865E-4	0.76005483153	0.816539495867
1262.0	6.52877535346E-5	1.19330549459E-7	0.0139719494801	3.61232566348E-4	0.760227368139	0.817446237886
1264.0	6.60943207038E-5	1.19370831187E-7	0.0140615324377	3.62034623641E-4	0.760460081098	0.817455082311
1266.0	6.66634259082E-5	1.19405615658E-7	0.0141615148081	3.63201198785E-4	0.761008763805	0.817850542037
1268.0	6.7235829332E-5	1.19410354299E-7	0.0143076969734	3.63834228515E-4	0.761708130022	0.818624152624
1270.0	6.7814062965E-5	1.19411015326E-7	0.0145846179622	3.64095471294E-4	0.762190372762	0.818954234125
1272.0	6.84288866212E-5	1.19418362341E-7	0.014771758443	3.64232926868E-4	0.762885143025	0.819549471471
1274.0	6.90535906242E-5	1.19427624912E-7	0.0150271298774	3.64484180928E-4	0.76342219011	0.820451705451
1276.0	6.97836933155E-5	1.19433017887E-7	0.0151888771133	3.65283726395E-4	0.763952449285	0.820375618834
1278.0	7.07966990064E-5	1.194445462E-7	0.0153536916494	3.66406022533E-4	0.764256022647	0.820877967339
1280.0	7.16769572348E-5	1.19455046171E-7	0.0154644332455	3.66871812314E-4	0.764625854263	0.820962954158
1282.0	7.27447178001E-5	1.21831426591E-7	0.0155662545686	3.68902013603E-4	0.76484900367	0.821074566023
1284.0	7.37172503683E-5	1.24243728762E-7	0.0156682474923	3.69037325802E-4	0.765055655938	0.821331854232
1286.0	7.45538110843E-5	1.24407654221E-7	0.0157983133797	3.70618698472E-4	0.765302988649	0.8213471462
1288.0	7.52315747309E-5	1.24592673141E-7	0.0159064637639	3.70736380827E-4	0.765867693322	0.821489783698
1290.0	7.5847687887E-5	1.24659797843E-7	0.016028193993	3.70802908319E-4	0.767040094904	0.821616705665
1292.0	7.63470592453E-5	1.24685613284E-7	0.0162756793078	3.71040284489E-4	0.767819181649	0.823415888856
1294.0	7.68950607956E-5	1.24849233014E-7	0.0165386201968	3.71299439761E-4	0.768516357924	0.823538536531
1296.0	7.74791653786E-5	1.24991020554E-7	0.0168207390468	3.71514975919E-4	0.76907733384	0.823617141622
1298.0	7.81984773562E-5	1.25007111458E-7	0.017003661416	3.71855183692E-4	0.769606663761	0.823653604939
1300.0	7.93480849945E-5	1.25020567014E-7	0.0171748180438	3.72703922831E-4	0.770109045478	0.823846804301
1302.0	8.06241505505E-5	1.25022833469E-7	0.0172959388653	3.7372067697E-4	0.770495959879	0.823978224604
1304.0	8.19870898399E-5	1.25023503795E-7	0.0174447040648	3.75397694818E-4	0.770763104784	0.824108165762
1306.0	8.29462784567E-5	1.25024987303E-7	0.0175340143718	3.77174978552E-4	0.770994073546	0.824166856582
1308.0	8.38578851698E-5	1.2502704229E-7	0.0176363420532	3.78672214849E-4	0.771263844917	0.824339248694
1310.0	8.44695997034E-5	1.25030336045E-7	0.017789165454	3.79644532452E-4	0.771668346803	0.82448674625
1312.0	8.50145888633E-5	1.25030606938E-7	0.0178998643357	3.80348051948E-4	0.772588515924	0.824567745528
1314.0	8.54030273795E-5	1.25031455478E-7	0.0181601281874	3.80626106717E-4	0.77326163142	0.82467353429
1316.0	8.58669576224E-5	1.25035785171E-7	0.0183436008739	3.80935845233E-4	0.773860134667	0.824928808351
1318.0	8.64740082142E-5	1.25058868979E-7	0.0186475942425	3.81459270075E-4	0.774403409779	0.825008740597
1320.0	8.73207277832E-5	1.25080067143E-7	0.0188413288053	3.82857901444E-4	0.774857819929	0.825349471474
1322.0	8.84679035066E-5	1.25127658437E-7	0.0190144947801	3.85923489591E-4	0.775456519835	0.825445880681
1324.0	8.96292214241E-5	1.25174761566E-7	0.0191670181241	3.87967294329E-4	0.775793245505	0.825776139558
1326.0	9.08591094566E-5	1.26778015736E-7	0.0192808842083	3.92304176598E-4	0.77614101736	0.825808681867
1328.0	9.1974826008E-5	1.28573636059E-7	0.019396651686	3.92964233101E-4	0.776350976603	0.82587899662
1330.0	9.29471028606E-5	1.29017961514E-7	0.0195240593865	3.93223574176E-4	0.77671916333	0.825878545252
1332.0	9.39357200797E-5	1.29265275939E-7	0.0196549179712	3.93895055977E-4	0.777117783078	0.825915230675
1334.0	9.45237349354E-5	1.29267141352E-7	0.0198059391454	3.94826438645E-4	0.777793801458	0.82611903699
1336.0	9.50765889188E-5	1.29269607972E-7	0.0200893645481	3.9556394708E-4	0.778517223834	0.826346390749
1338.0	9.56262982783E-5	1.29272721296E-7	0.0202770484267	3.95770975935E-4	0.779193489661	0.826708302883
1340.0	9.62658908569E-5	1.29353745098E-7	0.0205254875517	3.95783720397E-4	0.779662902835	0.826899971842
1342.0	9.72583681349E-5	1.29537567478E-7	0.0207345862393	3.96165460529E-4	0.780219527529	0.827153799993
1344.0	9.87636689341E-5	1.29683217285E-7	0.0209040968362	3.97770174308E-4	0.78065078291	0.827424364409
1346.0	1.00738300407E-4	1.2972516382E-7	0.021078772546	3.98114134576E-4	0.78096132931	0.82753546416
1348.0	1.02637849904E-4	1.29727235817E-7	0.0212121656964	4.00198715995E-4	0.781422237996	0.828023281477
1350.0	1.04086221672E-4	1.29838892677E-7	0.0213304818356	4.00085148985E-4	0.781642957384	0.828381518677
1352.0	1.05302181491E-4	1.29948597186E-7	0.0214904668576	4.01089556245E-4	0.782082372975	0.828549263322
1354.0	1.06045630379E-4	1.29951922712E-7	0.0217000856416	4.00863336636E-4	0.782600639301	0.829022913716
1356.0	1.06789399932E-4	1.29952552588E-7	0.0218997635849	4.01192778139E-4	0.783160307738	0.829082050971
1358.0	1.07519131811E-4	1.29961428308E-7	0.0221854781883	4.01290436338E-4	0.783760160586	0.829327789767
1360.0	1.08096242287E-4	1.2997259082E-7	0.0225088879838	4.0127517937E-4	0.784504897523	0.830261541955
1362.0	1.08859715442E-4	1.3037654647E-7	0.0229098096131	4.01612914659E-4	0.784982323748	0.830722834693
1364.0	1.10106421422E-4	1.30959316976E-7	0.0232155010708	4.02302663718E-4	0.78546961484	0.83089454977
1366.0	1.11576486719E-4	1.31141782278E-7	0.023457040068	4.02822993768E-4	0.785772183228	0.831193271536
1368.0	1.13616835389E-4	1.31143975304E-7	0.0236210109714	4.02995639051E-4	0.786033516567	0.831262146562
1370.0	1.15523594547E-4	1.31145984102E-7	0.0237973388328	4.03267637248E-4	0.786318496363	0.831431791098
1372.0	1.17427006989E-4	1.31168955037E-7	0.0239266691658	4.03483889913E-4	0.786516212108	0.832452460184
1374.0	1.18580330012E-4	1.32544071532E-7	0.0241203195795	4.0393295717E-4	0.786845744081	0.83239593895
1376.0	1.1961033378E-4	1.33897101662E-7	0.0243544828079	4.03905892809E-4	0.78738846886	0.832961029249
1378.0	1.20525221124E-4	1.33900243057E-7	0.0245167446684	4.04417618744E-4	0.788026447054	0.833351530604
1380.0	1.21219917006E-4	1.33935027933E-7	0.0248888389026	4.0487174356E-4	0.788584899765	0.833486116853
1382.0	1.22000396024E-4	1.340035488E-7	0.0252309012688	4.04860524725E-4	0.789143794157	0.83392975762
1384.0	1.23137498777E-4	1.34194513362E-7	0.0256150024054	4.04848756768E-4	0.789668122236	0.834453924809
1386.0	1.24948899127E-4	1.34669837248E-7	0.0258937858268	4.05169579905E-4	0.790189370748	0.834391942018
1388.0	1.27153720305E-4	1.34987771053E-7	0.0260742669337	4.05571649798E-4	0.790503370347	0.834667629785
1390.0	1.29370638796E-4	1.3499732456E-7	0.0262786165485	4.06061134457E-4	0.790732796668	0.834862376361
1392.0	1.30701085806E-4	1.35007226657E-7	0.0264484918679	4.06961350152E-4	0.790930909149	0.835037980648
1394.0	1.32115052129E-4	1.35010901463E-7	0.0266124892404	4.07232253254E-4	0.791047880069	0.835351754893
1396.0	1.3310822482E-4	1.35013410632E-7	0.0267593059625	4.07347199988E-4	0.791316265043	0.835500762895
1398.0	1.34085704225E-4	1.36606353645E-7	0.0270444390884	4.07501536758E-4	0.791639608702	0.835730247855
1400.0	1.3511601831E-4	1.4031024838E-7	0.0271849525052	4.07632735548E-4	0.792302146093	0.835784302593
1402.0	1.35969636303E-4	1.42424748108E-7	0.027566566941	4.07971070289E-4	0.792845053628	0.837317051667
1404.0	1.36748906086E-4	1.42438508077E-7	0.0279531465282	4.08245772891E-4	0.793433986965	0.837562230245
1406.0	1.37679049747E-4	1.42486617301E-7	0.0283723208006	4.08429727979E-4	0.793898850873	0.837606660753
1408.0	1.39440182713E-4	1.42526761392E-7	0.0286135516493	4.08476211064E-4	0.794353277037	0.837647335671
1410.0	1.42127334809E-4	1.42541440932E-7	0.028775942173	4.08665112948E-4	0.794580145355	0.837866932374
1412.0	1.44642173843E-4	1.42554642149E-7	0.0289767655271	4.09411085766E-4	0.794839430433	0.838385511484
1414.0	1.46620251394E-4	1.42577021805E-7	0.0291697751344	4.10473923661E-4	0.79499514738	0.838451723191
1416.0	1.48440282131E-4	1.42600636418E-7	0.0293971636726	4.1197811477E-4	0.795160567036	0.838814890052
1418.0	1.49786230562E-4	1.42604843025E-7	0.0295505272756	4.13355304991E-4	0.79530377632	0.838949885741
1420.0	1.51057098514E-4	1.42623905517E-7	0.0298737574317	4.13329086064E-4	0.795643222592	0.839461693414
1422.0	1.52215164967E-4	1.42637611064E-7	0.0300011103173	4.142233245E-4	0.796155600572	0.83970887366
1424.0	1.53034815681E-4	1.42638393859E-7	0.0304645437205	4.15032713035E-4	0.796590348292	0.839855563843
1426.0	1.53574820072E-4	1.42650374542E-7	0.0308973744998	4.15251728771E-4	0.796980859732	0.840268640323
1428.0	1.54716592687E-4	1.42667171822E-7	0.0313231965655	4.15227878174E-4	0.797254995587	0.840741184819
1430.0	1.58280133526E-4	1.4267523078E-7	0.0315612606816	4.1526654251E-4	0.797584342118	0.841294781298
1432.0	1.61817360461E-4	1.42682562985E-7	0.0317486067091	4.15475821871E-4	0.797800700607	0.841426341868
1434.0	1.63996824498E-4	1.42937815543E-7	0.0319288397295	4.15955635041E-4	0.798042539651	0.842140822627
1436.0	1.66743160625E-4	1.43208213017E-7	0.0320739289194	4.17894292262E-4	0.798225339273	0.842155572666
1438.0	1.6992424519E-4	1.43245644957E-7	0.0322775212788	4.18771029358E-4	0.798390100883	0.842321898516
1440.0	1.72149587938E-4	1.43263760996E-7	0.0323956844107	4.19982734346E-4	0.798620929787	0.84235105935
1442.0	1.73896983844E-4	1.43412088674E-7	0.0326666608132	4.20921207931E-4	0.798912061497	0.842672055115
1444.0	1.75399197151E-4	1.43693867149E-7	0.0328607762806	4.21125727878E-4	0.799427824284	0.843029100129
1446.0	1.76821668589E-4	1.43835516881E-7	0.033433883162	4.21268888248E-4	0.799799636497	0.843123735098
1448.0	1.78071985262E-4	1.43839843922E-7	0.0338516023019	4.21433643022E-4	0.800229335137	0.843565583532
1450.0	1.79394283442E-4	1.43846098756E-7	0.0343471671602	4.2170212209E-4	0.800571627179	0.844317731317
1452.0	1.81537200577E-4	1.43933298867E-7	0.0345823558468	4.22399025535E-4	0.800837703681	0.845060894493
1454.0	1.84085909784E-4	1.44217179077E-7	0.0348216099725	4.23432124388E-4	0.801119215083	0.845463500669
1456.0	1.86878147808E-4	1.44616804555E-7	0.0350208573599	4.24500802573E-4	0.801384069442	0.845724461666
1458.0	1.90022403829E-4	1.44827671808E-7	0.0352089642641	4.26975738902E-4	0.801610310227	0.846143884602
1460.0	1.92443189129E-4	1.4484287297E-7	0.0353845993482	4.27145004324E-4	0.801775758257	0.84686951184
1462.0	1.94420302612E-4	1.44845409026E-7	0.0355266927891	4.28442652861E-4	0.801970526648	0.846920176446
1464.0	1.95891995448E-4	1.44850553064E-7	0.0357461493526	4.2891693852E-4	0.802330646855	0.847703979248
1466.0	1.97218207659E-4	1.44995537813E-7	0.0360057078906	4.28912178476E-4	0.802830568823	0.848076214605
1468.0	1.98345734819E-4	1.45281159082E-7	0.0364480671624	4.29061963967E-4	0.803221281259	0.848250840472
1470.0	1.99401066618E-4	1.45425986956E-7	0.0368339379388	4.29199778466E-4	0.803592099561	0.849635001683
1472.0	2.00714428594E-4	1.4543246084E-7	0.0373273612771	4.29342478129E-4	0.803937348037	0.850488135778
1474.0	2.03115932881E-4	1.45438849148E-7	0.0375983077698	4.29734009862E-4	0.804278295333	0.851069764092
1476.0	2.06821412195E-4	1.45443225795E-7	0.0378341449896	4.31112090375E-4	0.804575831495	0.851491105146
1478.0	2.10965312422E-4	1.45446610645E-7	0.0381001428789	4.32575231878E-4	0.804782720428	0.85142649983
1480.0	2.14047055175E-4	1.45447176969E-7	0.038292048823	4.35407560099E-4	0.805060008452	0.851526799353
1482.0	2.16270748324E-4	1.45449608376E-7	0.0385040015047	4.3729537273E-4	0.805176620901	0.852336740426
1484.0	2.18111360259E-4	1.45451941533E-7	0.038606327323	4.39487353081E-4	0.805410745939	0.852406085226
1486.0	2.19888424603E-4	1.45459049983E-7	0.0388254772394	4.40272658448E-4	0.805792533727	0.852756733084
1488.0	2.21925555655E-4	1.4546527126E-7	0.0390899818279	4.41229024005E-4	0.806452170041	0.853348142919
1490.0	2.23304992657E-4	1.45473367425E-7	0.0395692203348	4.41754271996E-4	0.806974099532	0.853549809349
1492.0	2.24623784685E-4	1.45492265271E-7	0.0399476644831	4.42036267982E-4	0.807589954125	0.854064834807
1494.0	2.2613469111E-4	1.45509626527E-7	0.0403465768853	4.42396848165E-4	0.807954128297	0.854455944021
1496.0	2.28962048519E-4	1.45542591337E-7	0.0405862468357	4.43177197148E-4	0.808384949204	0.854429698825
1498.0	2.34026242564E-4	1.45574778131E-7	0.0408296255566	4.44193301191E-4	0.808651249253	0.854717197845
1500.0	2.38351768243E-4	1.45579545273E-7	0.0410815628354	4.44728312588E-4	0.808884175723	0.855068021955
1502.0	2.41629555169E-4	1.45588744329E-7	0.0412803723981	4.46140205882E-4	0.809093808631	0.855193594248
1504.0	2.44170033529E-4	1.45600747548E-7	0.0414948684389	4.46127174594E-4	0.809204745325	0.855628305341
1506.0	2.46319225695E-4	1.45603889761E-7	0.0416158001912	4.46366624001E-4	0.809413448535	0.855822504719
1508.0	2.48189635608E-4	1.45611891883E-7	0.0418263439644	4.46519495168E-4	0.809768257782	0.856217213204
1510.0	2.49708344425E-4	1.45616435972E-7	0.0420366151537	4.46575416603E-4	0.81024240253	0.856237946749
1512.0	2.50788509756E-4	1.45618504533E-7	0.0423338370768	4.46744707216E-4	0.810647532569	0.857565527126
1514.0	2.51957689581E-4	1.45622856133E-7	0.0426090205877	4.46915303964E-4	0.811150925455	0.858022261768
1516.0	2.53513821647E-4	1.45630063554E-7	0.042932553498	4.47057526191E-4	0.811548007922	0.858067322591
1518.0	2.56000830912E-4	1.45638611464E-7	0.0431674536615	4.47523474398E-4	0.811943272639	0.858131776535
1520.0	2.59918056759E-4	1.45651070003E-7	0.0433915851334	4.48750924003E-4	0.812339032304	0.858436854788
1522.0	2.63898969681E-4	1.45660754448E-7	0.043640315397	4.4971572416E-4	0.812529896668	0.858930319399
1524.0	2.67004555477E-4	1.45668755614E-7	0.0437509836395	4.52377718359E-4	0.812719028171	0.859077755156
1526.0	2.70229946826E-4	1.45688539991E-7	0.0439170849258	4.5245747724E-4	0.812876056589	0.859716204495
1528.0	2.72299135989E-4	1.45732635224E-7	0.043998968581	4.53157794158E-4	0.813045007437	0.859833416116
1530.0	2.74352061773E-4	1.4577264461E-7	0.0441730573545	4.53140424538E-4	0.813351600719	0.860560868539
1532.0	2.7618469512E-4	1.45787898005E-7	0.0443190604642	4.53261417632E-4	0.813776644842	0.860810345384
1534.0	2.77774126591E-4	1.45805673527E-7	0.0445606566257	4.53279380953E-4	0.814154834763	0.86127566855
1536.0	2.79026876552E-4	1.45837931995E-7	0.0448831377497	4.53400108016E-4	0.814559557445	0.861645663768
1538.0	2.80280413286E-4	1.4586869112E-7	0.0451713619503	4.53707286874E-4	0.814905778675	0.86212307763
1540.0	2.82454805103E-4	1.45876320367E-7	0.045440303601	4.54206689558E-4	0.815286978909	0.862538624257
1542.0	2.85889816246E-4	1.45885261017E-7	0.04567395348	4.55541967012E-4	0.815653579812	0.862625898539
1544.0	2.89351550414E-4	1.45921203694E-7	0.0459362870205	4.57060863062E-4	0.815872360192	0.863031144188
1546.0	2.91938331911E-4	1.46229572031E-7	0.0460669301127	4.59543601399E-4	0.81606423744	0.863006937174
1548.0	2.95190721951E-4	1.46623656617E-7	0.0462500834857	4.60130974506E-4	0.816192762698	0.863126258283
1550.0	2.972595432E-4	1.46738572604E-7	0.0463299253433	4.61475271131E-4	0.81638150926	0.863133030101
1552.0	2.99772810166E-4	1.46757056449E-7	0.0465283626568	4.61486651302E-4	0.816878747039	0.863357467795
1554.0	3.01334201726E-4	1.46770060031E-7	0.0467339414445	4.62133288714E-4	0.817330749705	0.863570812117
1556.0	3.02503173799E-4	1.46770994583E-7	0.0468680039229	4.63003352112E-4	0.817694973247	0.863781814639
1558.0	3.03796702813E-4	1.46785066006E-7	0.0471303815802	4.63138010097E-4	0.818148740904	0.864012176475
1560.0	3.05553717102E-4	1.46805288279E-7	0.047435052058	4.63060917565E-4	0.818600613413	0.864599071878
1562.0	3.08989456429E-4	1.46816244986E-7	0.0477157207686	4.63379139744E-4	0.818990802229	0.865123799673
1564.0	3.15185394154E-4	1.46833210389E-7	0.0479074121354	4.64049322935E-4	0.819254796895	0.865328824895
1566.0	3.21741723879E-4	1.46848938751E-7	0.048131053396	4.64175771187E-4	0.81942837197	0.865511477733
1568.0	3.26553299484E-4	1.49588476232E-7	0.0482437291829	4.64561405934E-4	0.819672087904	0.865654494889
1570.0	3.30627469645E-4	1.52364070743E-7	0.0484402634453	4.64705132586E-4	0.819820559159	0.866079954616
1572.0	3.33441993516E-4	1.52412497401E-7	0.0485270706732	4.64705995298E-4	0.82000122934	0.866115308574
1574.0	3.36118617407E-4	1.52424892337E-7	0.0487120456876	4.64838223118E-4	0.82033014977	0.866438471565
1576.0	3.38783908218E-4	1.52431940676E-7	0.0488819974305	4.64797968118E-4	0.820970226716	0.866725952173
1578.0	3.4050920514E-4	1.52433126795E-7	0.0490162168269	4.64803422789E-4	0.821360618397	0.867223662707
1580.0	3.42041913941E-4	1.52439860866E-7	0.0492212563924	4.64839483687E-4	0.82180662839	0.868257162749
1582.0	3.43956264824E-4	1.5244999022E-7	0.0495193942771	4.64907643678E-4	0.822246833403	0.869026082193
1584.0	3.47212218715E-4	1.52466795633E-7	0.0497534000731	4.64994179888E-4	0.822665281955	0.869613617702
1586.0	3.51017879157E-4	1.52480645119E-7	0.0499312301715	4.6511163243E-4	0.822964069801	0.869912617174
1588.0	3.54890126673E-4	1.52485009463E-7	0.0500782535682	4.65386920047E-4	0.823148015566	0.869898763207
1590.0	3.58150617133E-4	1.52484982282E-7	0.0501544488598	4.66126520589E-4	0.823336124918	0.869949241348
1592.0	3.60877231257E-4	1.52488707295E-7	0.0503130594369	4.6644935754E-4	0.823444537737	0.870324636977
1594.0	3.63568992541E-4	1.52503377746E-7	0.0503863276513	4.6725841375E-4	0.823594861706	0.870522352816
1596.0	3.65629054516E-4	1.52520851443E-7	0.0505621184411	4.67265694464E-4	0.82385660092	0.870579561991
1598.0	3.66891157977E-4	1.52523726129E-7	0.0508202590995	4.67440431977E-4	0.82432735048	0.870966622083
1600.0	3.68525168482E-4	1.52527526012E-7	0.0509673447893	4.67663317884E-4	0.824659439249	0.871292217017
1602.0	3.70289863613E-4	1.52535925895E-7	0.0512994547967	4.6771306665E-4	0.825133091325	0.871712136394
1604.0	3.72026135813E-4	1.52550696507E-7	0.0515977488183	4.67704170611E-4	0.825568005578	0.872016134906
1606.0	3.75025784441E-4	1.5265598284E-7	0.0519308534296	4.67718683439E-4	0.825967149222	0.872016181759
1608.0	3.79424436899E-4	1.52760272632E-7	0.0521364586842	4.67915444351E-4	0.826247123393	0.872217614942
1610.0	3.84631000615E-4	1.54511352965E-7	0.0523233659974	4.68680984294E-4	0.826422201735	0.872362034032
1612.0	3.8950012228E-4	1.60892169081E-7	0.0524554281852	4.70194370379E-4	0.826637870195	0.872398034078
1614.0	3.94746680306E-4	1.65524469593E-7	0.0525692819453	4.71265221842E-4	0.826772769135	0.872696161292
1616.0	3.96827789882E-4	1.65530148726E-7	0.052675642324	4.7221718975E-4	0.826947671403	0.87274992563
1618.0	3.99311097013E-4	1.65550933806E-7	0.0527621664394	4.72407031479E-4	0.827291822483	0.873052950526
1620.0	4.01621505264E-4	1.65566202089E-7	0.0529488264563	4.72817066546E-4	0.827766289109	0.87306228861
1622.0	4.03694732286E-4	1.65568543347E-7	0.0532616460036	4.73319780178E-4	0.828145548632	0.8736833607
1624.0	4.05361667959E-4	1.65573352176E-7	0.0534525720684	4.73605951024E-4	0.828455237619	0.874037177886
1626.0	4.06911461036E-4	1.65581908789E-7	0.0537902644387	4.73759585569E-4	0.828829313082	0.874055324333
1628.0	4.09179034976E-4	1.65590493851E-7	0.0540276062759	4.73882368702E-4	0.82920468201	0.874118187639
1630.0	4.12955629465E-4	1.65596010255E-7	0.0542552061653	4.74014556745E-4	0.829499472677	0.874288864211
1632.0	4.16521355834E-4	1.65600559497E-7	0.0544249507886	4.7419256089E-4	0.829675763817	0.874387974362
1634.0	4.20410171884E-4	1.656145004E-7	0.054540075497	4.75341419074E-4	0.829875016466	0.87446875429
1636.0	4.23342869953E-4	1.65633579542E-7	0.0546721471085	4.75792690809E-4	0.83000967711	0.874710697528
1638.0	4.25598027989E-4	1.65652468687E-7	0.0547515332375	4.77401042076E-4	0.83017285675	0.874719896875
1640.0	4.27911045946E-4	1.65673803316E-7	0.0548536769657	4.78586407981E-4	0.830514670156	0.874946274137
1642.0	4.29316793983E-4	1.65679547455E-7	0.0550162458924	4.78687755891E-4	0.830856699396	0.875045541431
1644.0	4.30792460762E-4	1.65759402884E-7	0.0552232042552	4.78903403726E-4	0.831206534655	0.875513723455
1646.0	4.32452457087E-4	1.65840294196E-7	0.0554825106351	4.79179440051E-4	0.831580434439	0.875587110557
1648.0	4.34053635669E-4	1.65985542189E-7	0.055824418885	4.7949345563E-4	0.832007157826	0.875787432318
1650.0	4.36754409986E-4	1.6612929836E-7	0.0560420459158	4.8032172751E-4	0.832402751257	0.875909869482
1652.0	4.418346034E-4	1.67049316993E-7	0.0562403090793	4.82181987805E-4	0.832719885784	0.875913060909
1654.0	4.46656827677E-4	1.68010450549E-7	0.0564074792272	4.85039229562E-4	0.832918866172	0.875980437534
1656.0	4.49526101527E-4	1.68058693529E-7	0.056509862727	4.89583058686E-4	0.833166250261	0.87598460301
1658.0	4.52516049855E-4	1.68097088802E-7	0.056608449209	4.91349375142E-4	0.833307071609	0.876040369348
1660.0	4.54817918638E-4	1.68133666717E-7	0.0566842797607	4.93021697511E-4	0.833542657056	0.876047389626
1662.0	4.57214317475E-4	1.68151634693E-7	0.0567667471201	4.94181621394E-4	0.833962585669	0.876053611909
1664.0	4.5906267657E-4	1.68164000236E-7	0.0569296404489	4.94644782872E-4	0.834400863163	0.876077462962
1666.0	4.60583323553E-4	1.68164842043E-7	0.0572975682354	4.94742002081E-4	0.834795605827	0.876355158343
1668.0	4.6218739069E-4	1.68182426449E-7	0.0576090826102	4.94768845837E-4	0.835286418061	0.876375200839
1670.0	4.63710207241E-4	1.68205439586E-7	0.0579499112323	4.94941930996E-4	0.835755857013	0.87655949716
1672.0	4.66628781206E-4	1.68215737448E-7	0.0581627813111	4.95562663693E-4	0.836152219847	0.876648901919
1674.0	4.72567141437E-4	1.68221034666E-7	0.0583692673562	4.9767406303E-4	0.836365798869	0.876711402766
1676.0	4.78500445753E-4	1.68240300332E-7	0.0585213124729	4.99262561196E-4	0.83654345582	0.876766793417
1678.0	4.82791537924E-4	1.68271357608E-7	0.0586342331912	5.03933606706E-4	0.836699983598	0.876832322212
1680.0	4.87851325067E-4	1.68290543297E-7	0.0587341080798	5.04547908021E-4	0.836872538929	0.876965291268
1682.0	4.91369571834E-4	1.68295950595E-7	0.058844395715	5.0655033275E-4	0.837040115044	0.876990108233
1684.0	4.93776625011E-4	1.68334096542E-7	0.0589774756001	5.06752493243E-4	0.837326807766	0.87703151743
1686.0	4.95665279314E-4	1.68379185516E-7	0.0590935389531	5.06940259074E-4	0.837819917933	0.877065005605
1688.0	4.98034126544E-4	1.68393692903E-7	0.0593129888335	5.07057373015E-4	0.838156915102	0.877532249022
1690.0	5.00403747694E-4	1.68499863068E-7	0.0596017774359	5.07102802194E-4	0.838489960945	0.878045537593
1692.0	5.03094729945E-4	1.69237168487E-7	0.0598680191406	5.07208298513E-4	0.838871202845	0.878429271587
1694.0	5.06140960513E-4	1.7014322078E-7	0.060087588091	5.07653034578E-4	0.839185914197	0.878662428103
1696.0	5.10896348892E-4	1.70420324415E-7	0.0602448498659	5.08156243906E-4	0.839438271194	0.878768543114
1698.0	5.20228693417E-4	1.70433181752E-7	0.0604127282629	5.09009144047E-4	0.839598696553	0.878885171701
1700.0	5.26889025108E-4	1.70465330265E-7	0.060550266784	5.10369835987E-4	0.839766097906	0.878904525058
1702.0	5.33469815886E-4	1.70491604222E-7	0.0606774105897	5.11289377322E-4	0.839879119358	0.879106329401
1704.0	5.3770489693E-4	1.70498528592E-7	0.0607933804086	5.11466288698E-4	0.840022293618	0.879202007882
1706.0	5.40625678455E-4	1.70509565701E-7	0.0609714257007	5.11828987595E-4	0.840256092052	0.879211731202
1708.0	5.43154218374E-4	1.70511720742E-7	0.0611210142834	5.1184030499E-4	0.840736260068	0.879304453504
1710.0	5.45076963406E-4	1.7051552315E-7	0.0612764946136	5.11930552863E-4	0.841027000423	0.879465019168
1712.0	5.46546630615E-4	1.70536101826E-7	0.0615864236925	5.1224693718E-4	0.841332305834	0.879666037591
1714.0	5.48756377409E-4	1.70560497812E-7	0.061900161403	5.12591685772E-4	0.84165380786	0.879874382865
1716.0	5.5148482499E-4	1.70571663773E-7	0.0621129458009	5.12793764067E-4	0.841928186915	0.879908702934
1718.0	5.5536192256E-4	1.70591277323E-7	0.0623035156737	5.13391303502E-4	0.842164712079	0.879962524902
1720.0	5.60040862702E-4	1.70628432292E-7	0.0625046942391	5.14255628518E-4	0.842306872946	0.880005669476
1722.0	5.65859992893E-4	1.70733636201E-7	0.0626228600352	5.16042011105E-4	0.842451013079	0.880075944003
1724.0	5.70566740543E-4	1.70831145186E-7	0.0627273637708	5.1605855629E-4	0.842540731167	0.880299635155
1726.0	5.75711223234E-4	1.7087186918E-7	0.0628373898489	5.17008742273E-4	0.842686051702	0.880326898476
1728.0	5.7868296294E-4	1.70909729491E-7	0.0629991414443	5.17004684288E-4	0.843001334304	0.880575851002
1730.0	5.81872915746E-4	1.709129482E-7	0.0631265729733	5.1708134027E-4	0.843487018865	0.880613423129
1732.0	5.84844295929E-4	1.70913967299E-7	0.0632406299473	5.17362130425E-4	0.843855218911	0.88096624648
1734.0	5.87986337995E-4	1.70920149748E-7	0.063565334979	5.17355229756E-4	0.844163823543	0.881162925079
1736.0	5.90405904696E-4	1.70930337399E-7	0.0638279249853	5.17377610572E-4	0.844499281361	0.881285880568
1738.0	5.93970571961E-4	1.70940870582E-7	0.064045558979	5.18080190691E-4	0.844777235494	0.881352369645
1740.0	6.00550888584E-4	1.70950019736E-7	0.0642282821782	5.19470116818E-4	0.845005300898	0.881384111737
1742.0	6.08234488781E-4	1.70957648771E-7	0.0643700266303	5.20912271618E-4	0.845189473292	0.881558231577
1744.0	6.12606147793E-4	1.70959612129E-7	0.0644680643273	5.2313703001E-4	0.845373954449	0.881592107672
1746.0	6.16485102664E-4	1.70970439239E-7	0.0645931250307	5.23795793793E-4	0.845484437894	0.881699746238
1748.0	6.18752595554E-4	1.70982212991E-7	0.0646904027343	5.24576644898E-4	0.845617333913	0.88170077839
1750.0	6.21965041398E-4	1.70991868504E-7	0.064860443874	5.2471906431E-4	0.845848750418	0.881856483361
1752.0	6.24361058963E-4	1.70994345061E-7	0.0650209922575	5.25380025658E-4	0.846184968425	0.882011417848
1754.0	6.26211336864E-4	1.70995918057E-7	0.0651871550378	5.26135874739E-4	0.846467572968	0.882205350516
1756.0	6.28375509754E-4	1.71001837513E-7	0.0654375821448	5.26311250015E-4	0.846740896932	0.882392003426
1758.0	6.30874018514E-4	1.71011372715E-7	0.0657613093029	5.26271455487E-4	0.847048948766	0.882774473626
1760.0	6.35208541068E-4	1.71021443926E-7	0.0659534032472	5.26393346664E-4	0.847317347896	0.883058731618
1762.0	6.41942196981E-4	1.71172155366E-7	0.0661210131724	5.26849796319E-4	0.847536628033	0.88319426112
1764.0	6.47797439633E-4	1.71458486523E-7	0.0662642342749	5.27895626228E-4	0.847720026474	0.883276588579
1766.0	6.54373531288E-4	1.71597426554E-7	0.0663579340348	5.28135084957E-4	0.847921975162	0.883326807181
1768.0	6.59731750909E-4	1.7160089859E-7	0.0664846378757	5.29222451614E-4	0.848041476478	0.883608676895
1770.0	6.63863618727E-4	1.71606821347E-7	0.0665941561687	5.29150284524E-4	0.848199485932	0.883618381332
1772.0	6.6785092305E-4	1.71622540417E-7	0.0667293604457	5.29636049537E-4	0.848433255815	0.883801912086
1774.0	6.71041289787E-4	1.71630384807E-7	0.0668985510946	5.29669725925E-4	0.84882622215	0.884022711872
1776.0	6.72814001795E-4	1.71632878654E-7	0.0670623005272	5.29677915995E-4	0.849126340336	0.884118935616
1778.0	6.74497352904E-4	1.71638018879E-7	0.0673168223726	5.29713843452E-4	0.849389038851	0.884199514239
1780.0	6.76678359268E-4	1.71647167097E-7	0.0676282864602	5.29764665031E-4	0.849624980675	0.884420413561
1782.0	6.80439002157E-4	1.71657434489E-7	0.0678633419064	5.29856812611E-4	0.849853909961	0.884596839134
1784.0	6.84968579603E-4	1.71665301129E-7	0.0680558418566	5.30034281645E-4	0.850080014886	0.884769729446
1786.0	6.90120384698E-4	1.71812791981E-7	0.068254515436	5.3062153219E-4	0.850248060599	0.884755402459
1788.0	6.94610967305E-4	1.7209422586E-7	0.0683800952391	5.32013767696E-4	0.850402876432	0.88481583051
1790.0	6.996953545E-4	1.72235780353E-7	0.0685198198914	5.33355772757E-4	0.850529230706	0.884908041211
1792.0	7.02425961072E-4	1.72240101414E-7	0.0685878991073	5.34617117748E-4	0.850652888903	0.884926902112
1794.0	7.05230812695E-4	1.72253216744E-7	0.0687448754888	5.34563632288E-4	0.850837639791	0.8849682791
1796.0	7.08001387992E-4	1.72257863248E-7	0.0688908481818	5.34967458109E-4	0.85121747037	0.885022594198
1798.0	7.10117326442E-4	1.72258633401E-7	0.0690885991549	5.35268983554E-4	0.851599703224	0.885374974769
1800.0	7.12070337358E-4	1.72264141277E-7	0.0693483893721	5.35460678609E-4	0.851917621563	0.885631774871
1802.0	7.14550418582E-4	1.72274155823E-7	0.0696548865495	5.35512825444E-4	0.852272599663	0.885791021859
1804.0	7.19837245303E-4	1.72311697281E-7	0.069902678738	5.35672431259E-4	0.852541477441	0.885872832398
1806.0	7.26472752272E-4	1.72347525834E-7	0.0701224004642	5.3626311792E-4	0.852810891838	0.885936234463
1808.0	7.33693192261E-4	1.72355405084E-7	0.0702948589168	5.37220571101E-4	0.852956351692	0.886150935622
1810.0	7.40227733473E-4	1.72357261979E-7	0.0704299200116	5.39652975094E-4	0.853176653004	0.886151524625
1812.0	7.48412707826E-4	1.72368847721E-7	0.0705575139625	5.40637297146E-4	0.853262630852	0.886309898413
1814.0	7.5440981268E-4	1.72382819268E-7	0.0706501654582	5.41889425664E-4	0.853425080807	0.886376801849
1816.0	7.58779720977E-4	1.73128791745E-7	0.070771639622	5.43185361789E-4	0.853654250318	0.886426672849
1818.0	7.62523757644E-4	1.73875143833E-7	0.0709670691409	5.43733738806E-4	0.854006861449	0.886424630281
1820.0	7.65749450841E-4	1.73909651678E-7	0.0711811369321	5.43959517492E-4	0.854232504498	0.886666258545
1822.0	7.68132457822E-4	1.73959921461E-7	0.0713615540076	5.44121198118E-4	0.854570168479	0.886807725516
1824.0	7.70716196979E-4	1.73994757022E-7	0.0716307294693	5.44360665075E-4	0.854893208272	0.886942223961
1826.0	7.7503529586E-4	1.74007428516E-7	0.0718782631044	5.44782296049E-4	0.855215426947	0.886992838404
1828.0	7.81585562168E-4	1.74016765003E-7	0.0720996404276	5.45254754308E-4	0.855429220481	0.887031999107
1830.0	7.89068206339E-4	1.740407113E-7	0.0723462130044	5.46235078184E-4	0.855581280583	0.887304132383
1832.0	7.95389647666E-4	1.7406245691E-7	0.0724733715348	5.46419484375E-4	0.855704377461	0.887416532773
1834.0	8.00353059066E-4	1.74245699555E-7	0.0726068301648	5.46551638742E-4	0.855797567011	0.887886881442
1836.0	8.0519716557E-4	1.74425623582E-7	0.0726731871816	5.47206480887E-4	0.855938914573	0.887944662849
1838.0	8.09192096443E-4	1.74436926488E-7	0.0727685856163	5.47353150775E-4	0.856184827057	0.888461704896
1840.0	8.12210343671E-4	1.7447167323E-7	0.0728981430892	5.47397205924E-4	0.856522719095	0.888607074987
1842.0	8.1404291337E-4	1.7453481821E-7	0.0730759044688	5.47729476581E-4	0.856827643127	0.889153477942
1844.0	8.16018956828E-4	1.74603523672E-7	0.0732624273946	5.48111647575E-4	0.857118053999	0.889490293379
1846.0	8.18915154904E-4	1.74655147035E-7	0.0735431198893	5.48450723082E-4	0.857356169352	0.889852978579
1848.0	8.23268796891E-4	1.74686213582E-7	0.0737671533353	5.48898292472E-4	0.857586727807	0.890067714486
1850.0	8.29194533041E-4	1.74705469279E-7	0.0739793400848	5.505128984E-4	0.85778982454	0.890187499678
1852.0	8.35549701545E-4	1.74710573265E-7	0.0741914587169	5.54697968819E-4	0.857962540808	0.890607020865
1854.0	8.41940330863E-4	1.74717205411E-7	0.0742848417321	5.60212671757E-4	0.858132088736	0.890629426058
1856.0	8.4694045403E-4	1.74856431253E-7	0.0744391688413	5.65199355331E-4	0.858279908638	0.89106196838
1858.0	8.52310138346E-4	1.74991987701E-7	0.0745239184825	5.67648741376E-4	0.858462150246	0.891059139975
1860.0	8.57145872519E-4	1.75005965194E-7	0.0746980855443	5.69014219696E-4	0.858647749904	0.891517641832
1862.0	8.60639191905E-4	1.75008215418E-7	0.0748791353095	5.70445198562E-4	0.859078326938	0.891917854418
1864.0	8.63370305509E-4	1.7640920793E-7	0.0750641246368	5.71067755817E-4	0.859357799765	0.891969623501
1866.0	8.65718434705E-4	1.77811242909E-7	0.0753565846632	5.71230905377E-4	0.859590718463	0.892393876423
1868.0	8.68468093638E-4	1.77827697584E-7	0.0756606527483	5.71316309395E-4	0.859840673758	0.893050537306
1870.0	8.7220876075E-4	1.77891286762E-7	0.0759140005331	5.72335920238E-4	0.860128046993	0.893729802152
1872.0	8.76944733465E-4	1.77958999878E-7	0.0760962785259	5.74249861994E-4	0.86036205923	0.894049713415
1874.0	8.84678927398E-4	1.77975101257E-7	0.0763096973468	5.75944405987E-4	0.860534826123	0.894135108051
1876.0	8.90626354233E-4	1.77985123322E-7	0.0764056163578	5.79660198343E-4	0.860671683012	0.894187198637
1878.0	8.97288405602E-4	1.77998332882E-7	0.0765457283488	5.80213780393E-4	0.860783871942	0.894539689253
1880.0	9.03032994568E-4	1.78001601587E-7	0.0766415204591	5.80636673004E-4	0.860893894162	0.894586308958
1882.0	9.06433160019E-4	1.7801271427E-7	0.076782214789	5.81735287368E-4	0.861102273416	0.894804849856
1884.0	9.09924734542E-4	1.78017426112E-7	0.0769623629614	5.81980503503E-4	0.861448875472	0.895201478129
1886.0	9.13786506395E-4	1.78062492995E-7	0.077097185654	5.8206181528E-4	0.861690591126	0.895310960931
1888.0	9.16668721777E-4	1.78111467811E-7	0.0772916973577	5.82176074148E-4	0.861948283766	0.895540655935
1890.0	9.19585582881E-4	1.788981932E-7	0.0775749338681	5.82286915015E-4	0.862169171287	0.895846875547
1892.0	9.24224013743E-4	1.79871796387E-7	0.0778453910604	5.82425307649E-4	0.862429682546	0.896152658152
1894.0	9.33434356222E-4	1.80070388552E-7	0.0780399557392	5.82649701078E-4	0.862639309242	0.896367518864
1896.0	9.45303593115E-4	1.80076227503E-7	0.0781647776699	5.83302247441E-4	0.862790370837	0.896350479722
1898.0	9.54192306588E-4	1.80076260882E-7	0.078259486743	5.84664331263E-4	0.862987581034	0.89638698978
1900.0	9.61947981504E-4	1.80402115759E-7	0.0783661423122	5.84755232522E-4	0.863077203772	0.896439113938
1902.0	9.67132313925E-4	1.80730646439E-7	0.0784394072698	5.85595422337E-4	0.863216326818	0.896516411848
1904.0	9.72398737947E-4	1.80753143673E-7	0.0785553937175	5.85591871477E-4	0.863445724203	0.89657458331
1906.0	9.76694385196E-4	1.80762484692E-7	0.0787143083655	5.85849953439E-4	0.863723926266	0.89662557946
1908.0	9.79111518859E-4	1.80763225473E-7	0.0788222869113	5.86014732071E-4	0.863981021732	0.89697805966
1910.0	9.81766989484E-4	1.80774496954E-7	0.0790023551953	5.85975318994E-4	0.864327105285	0.897301918603
1912.0	9.84802735905E-4	1.8101880282E-7	0.079267863601	5.86144726623E-4	0.864643663522	0.89741150837
1914.0	9.89600372527E-4	1.81517376314E-7	0.0794714806954	5.86482637048E-4	0.86494105283	0.897416009404
1916.0	9.95930127381E-4	1.81969158415E-7	0.0796493179948	5.87260085771E-4	0.865156054763	0.897480107937
1918.0	0.0010039391578	1.82158714404E-7	0.079762767749	5.90160353167E-4	0.86530916972	0.897663593197
1920.0	0.00101095452638	1.82159539234E-7	0.0798517923652	5.92360786464E-4	0.86546914514	0.897682762017
1922.0	0.00101833131035	1.82162962386E-7	0.0799538875361	5.94812956344E-4	0.865570002733	0.897817375058
1924.0	0.00102475098324	1.82166140903E-7	0.0800135476274	5.96651893126E-4	0.865685485987	0.897922194453
1926.0	0.00102943704372	1.82177630237E-7	0.0800801414847	5.9711658056E-4	0.866004510904	0.898090281923
1928.0	0.00103402618952	1.82229214023E-7	0.0801803119713	5.98212862064E-4	0.86636701228	0.898066105308
1930.0	0.00103743587364	1.82287843102E-7	0.0802668717244	5.99573091679E-4	0.866640827146	0.898425530978
1932.0	0.00104048045348	1.8230408422E-7	0.0803818963477	6.0007376525E-4	0.867044034565	0.898617949885
1934.0	0.00104396655573	1.82337802583E-7	0.0805439919679	6.00042681565E-4	0.867372469962	0.898736319957
1936.0	0.00104898160742	1.82375245551E-7	0.0807007840363	6.00036867874E-4	0.867697286896	0.898777649985
1938.0	0.00105639088094	1.8240199743E-7	0.0808301766898	6.00479916448E-4	0.867865899692	0.898870061177
1940.0	0.00106200838605	1.82429813072E-7	0.0809166547242	6.00940718919E-4	0.868024520842	0.89911104098
1942.0	0.0010685660983	1.82507338115E-7	0.0810202500224	6.01467760164E-4	0.868153181369	0.899179291273
1944.0	0.00107433845185	1.82603291038E-7	0.0811075123235	6.02229899956E-4	0.868263424359	0.899615908689
1946.0	0.00108139808862	1.82633695103E-7	0.081152572967	6.02333575341E-4	0.86838732872	0.899638339694
1948.0	0.0010869719956	1.82647571525E-7	0.0812307277281	6.02479065932E-4	0.868624781945	0.900106932603
1950.0	0.00109097630778	1.82649867991E-7	0.0813081099178	6.02509837588E-4	0.868937616432	0.900296418891
1952.0	0.00109422490623	1.82652608507E-7	0.0814179687963	6.02563157513E-4	0.869198317607	0.900759487331
1954.0	0.00109679278788	1.8266149717E-7	0.0816065436927	6.0262426316E-4	0.869428704341	0.901049963986
1956.0	0.00109942124337	1.8271992507E-7	0.0818407686766	6.02686425874E-4	0.869709924879	0.901401574997
1958.0	0.00110309924351	1.82780312121E-7	0.0819863857038	6.02886404014E-4	0.869970321611	0.901629368166
1960.0	0.00110847396241	1.8282408986E-7	0.0821046557647	6.03076245354E-4	0.870179649623	0.901767953666
1962.0	0.00111483445821	1.83370525035E-7	0.0822093523791	6.0308577725E-4	0.870324662731	0.902029809495
1964.0	0.00112069300251	1.83877735368E-7	0.0822798044983	6.03183499346E-4	0.870462794479	0.902042334279
1966.0	0.00112700793718	1.83881713742E-7	0.0823752559762	6.04228925909E-4	0.870587085747	0.902364769034
1968.0	0.00113123536701	1.84072296782E-7	0.0824459118163	6.04839232757E-4	0.87068840613	0.902387438131
1970.0	0.00113735024108	1.84270167857E-7	0.0825490896295	6.05281818319E-4	0.870903346176	0.902622912368
1972.0	0.00113941130469	1.8427305402E-7	0.0826348059354	6.06240142953E-4	0.871277771674	0.90296426151
1974.0	0.00114227769971	1.84273671646E-7	0.08275448555	6.06580847236E-4	0.871513543701	0.903073836626
1976.0	0.0011455252922	1.84280000883E-7	0.0829651964186	6.06619797527E-4	0.871756572164	0.903496799786
1978.0	0.00114885106727	1.84292441922E-7	0.0831272278452	6.06665523887E-4	0.872044750124	0.903980081863
1980.0	0.00115330188648	1.84306306408E-7	0.0833035786193	6.06991346923E-4	0.872284249555	0.904499561566
1982.0	0.00115833997585	1.84329824131E-7	0.083461703826	6.07990544483E-4	0.872492602291	0.904755621229
1984.0	0.00116430513883	1.84351586128E-7	0.0835895494963	6.11198361506E-4	0.872624666618	0.904795324508
1986.0	0.00117148333393	1.84471001661E-7	0.083680301254	6.14188003299E-4	0.872773773585	0.904833100054
1988.0	0.00117705683057	1.8458952932E-7	0.0837832852601	6.16102918505E-4	0.872873438343	0.904977083143
1990.0	0.00118273711456	1.84600540315E-7	0.0838456806749	6.16460857418E-4	0.872988182404	0.905061873246
1992.0	0.00118665450833	1.8462121832E-7	0.0839442415821	6.17284531563E-4	0.873214745469	0.905097262029
1994.0	0.00118995218761	1.84640885405E-7	0.0840356691596	6.17858881318E-4	0.873520958314	0.905310177883
1996.0	0.00119331322817	1.84658158574E-7	0.0841906650624	6.18244156537E-4	0.873749964115	0.905535725766
1998.0	0.00119636110745	1.84671936662E-7	0.0844283019106	6.18330469644E-4	0.873977647314	0.905871689207
2000.0	0.00119972291928	1.84690308047E-7	0.084655925471	6.18363255624E-4	0.874238107156	0.906066155544
					0.9	
					0.92	
					0.95	
