# Time[fs]	ED=0.0012[aJ]	ED=0.0020[aJ]	ED=0.0028[aJ]	ED=0.0035[aJ]
0.0	2.02300716054E-20	2.02300716054E-20	2.02300716054E-20	2.02300716054E-20
2.0	1.26284564974E-18	7.52457966774E-19	3.56165543191E-16	1.13210386974E-15
4.0	3.07771945541E-18	1.57187954455E-18	7.13685813521E-16	2.262727492E-15
6.0	5.59714875835E-18	3.21482703052E-18	7.29847043028E-16	2.27614730153E-15
8.0	8.28516314115E-18	4.8626553683E-18	7.41091195655E-16	2.28435758037E-15
10.0	1.03752399638E-17	6.39400473882E-18	7.51438952013E-16	2.29127237232E-15
12.0	1.14546939065E-17	7.21091721139E-18	7.60126163339E-16	2.29735661551E-15
14.0	1.20029010883E-17	7.84128567191E-18	7.70021596129E-16	2.30980330562E-15
16.0	1.25243866633E-17	8.34366900104E-18	7.75609648143E-16	2.31675140646E-15
18.0	1.28844185305E-17	8.90906945408E-18	7.80609673606E-16	2.31921339524E-15
20.0	1.31889056321E-17	9.53899891334E-18	7.84511619741E-16	2.32076263835E-15
22.0	1.37259229534E-17	9.92977313104E-18	7.87011653498E-16	2.32242704781E-15
24.0	1.39762953879E-17	1.0179645348E-17	7.90899007119E-16	2.32976493188E-15
26.0	1.41252888913E-17	1.04165298258E-17	7.95814489129E-16	2.36324288368E-15
28.0	1.42121184461E-17	1.06016709043E-17	7.99991549455E-16	2.37408203441E-15
30.0	1.43735375596E-17	1.08913771309E-17	8.02086794821E-16	2.37521831371E-15
32.0	1.45772379776E-17	1.11496702237E-17	8.03785593317E-16	2.37658201611E-15
34.0	1.49312790988E-17	1.1314899422E-17	8.05211763389E-16	3.41428673221E-15
36.0	1.53308196142E-17	1.16110607416E-17	8.06992053342E-16	4.38410183728E-15
38.0	1.58012720366E-17	1.20473287801E-17	8.08196166693E-16	5.11535337952E-15
40.0	1.62842372306E-17	1.22922113121E-17	8.09190500253E-16	5.52233040714E-15
42.0	1.67411765982E-17	1.24906583862E-17	8.09901101984E-16	6.54356332103E-15
44.0	1.7487978836E-17	1.26762459905E-17	8.10384107747E-16	7.76013419678E-15
46.0	1.82985370874E-17	1.29204680385E-17	8.10763107467E-16	8.63982168688E-15
48.0	1.86472806339E-17	1.32042630343E-17	8.11459944976E-16	9.15296826608E-15
50.0	1.90555706524E-17	1.34491376866E-17	8.1208123058E-16	9.44634799101E-15
52.0	1.94475125203E-17	1.36300275407E-17	8.12516988006E-16	9.66901899061E-15
54.0	1.98817699578E-17	1.37476643047E-17	8.13386707018E-16	9.85775733819E-15
56.0	2.01892659256E-17	1.3829758753E-17	8.14543565741E-16	1.00278050402E-14
58.0	2.04875277509E-17	1.38964615081E-17	8.16101253696E-16	1.01679903858E-14
60.0	2.07332103196E-17	1.39662068318E-17	8.16930871029E-16	1.02829826312E-14
62.0	2.10662715757E-17	1.4046107582E-17	8.18988699592E-16	1.03802331267E-14
64.0	2.12560501918E-17	1.41325468871E-17	8.21762059366E-16	1.04707679153E-14
66.0	2.15845695752E-17	1.41939540055E-17	8.229305158E-16	1.05479440877E-14
68.0	2.17345953502E-17	1.42831026975E-17	8.23766712142E-16	1.06401883593E-14
70.0	2.1939222516E-17	1.43891890433E-17	8.24338654653E-16	1.07373487801E-14
72.0	2.2121285312E-17	1.44771356995E-17	8.25224501692E-16	1.08150185811E-14
74.0	2.24316598966E-17	1.45716456207E-17	8.25918929129E-16	1.08575333928E-14
76.0	2.2650770078E-17	1.46483352019E-17	8.26907707311E-16	1.08835690426E-14
78.0	2.27921744007E-17	1.47209411554E-17	8.27464682528E-16	1.09145202466E-14
80.0	2.28948870577E-17	1.48118506561E-17	8.28073779294E-16	1.09526741443E-14
82.0	2.32105574209E-17	1.48661766257E-17	8.28289529117E-16	1.09886623545E-14
84.0	2.34783231899E-17	1.49244503524E-17	8.28597990183E-16	1.10153883449E-14
86.0	2.3593587289E-17	1.50068328336E-17	8.28925279865E-16	1.10340463102E-14
88.0	2.37663016897E-17	1.50914221097E-17	8.29273713045E-16	1.10548060985E-14
90.0	2.38804876872E-17	1.51737569689E-17	8.29801281456E-16	1.10788374107E-14
92.0	2.4084803835E-17	1.52466803867E-17	8.30346583098E-16	1.109593237E-14
94.0	2.41994212183E-17	1.52973411546E-17	8.31343798162E-16	1.11059764213E-14
96.0	2.43523994165E-17	1.53566737617E-17	8.32732528615E-16	1.11142030321E-14
98.0	2.44902411744E-17	1.54297962434E-17	8.33996080899E-16	1.11277432011E-14
100.0	2.46796609418E-17	1.5481983225E-17	8.35043360258E-16	1.11401859946E-14
102.0	2.48014156823E-17	1.55408333825E-17	8.35717097256E-16	1.11481246335E-14
104.0	2.49325536818E-17	1.56069363648E-17	8.36124271498E-16	1.11502694952E-14
106.0	2.50242504298E-17	1.56682060484E-17	8.36633323821E-16	1.11545393368E-14
108.0	2.52167881435E-17	1.57267333363E-17	8.37124839408E-16	1.11674396084E-14
110.0	2.54339356087E-17	1.58082318921E-17	8.37398017886E-16	1.11760037101E-14
112.0	2.55853163046E-17	1.58897296788E-17	8.37595119877E-16	1.11796726981E-14
114.0	2.57270905758E-17	1.59690663708E-17	8.37855060238E-16	1.11825849912E-14
116.0	2.58491913718E-17	1.60757525664E-17	8.38373709031E-16	1.11860564427E-14
118.0	2.60072270199E-17	1.61959642524E-17	8.39097004742E-16	1.11892338125E-14
120.0	2.62007629006E-17	1.63442950085E-17	8.39714157958E-16	1.11913839297E-14
122.0	2.64210589254E-17	1.65310525249E-17	8.40196506674E-16	1.11923814879E-14
124.0	2.66583508426E-17	1.66690063027E-17	8.40343867989E-16	1.1193950303E-14
126.0	2.69036426822E-17	1.68518774828E-17	8.40521416104E-16	1.11946356023E-14
128.0	2.71559659437E-17	1.70567818763E-17	8.40695308447E-16	1.11955875189E-14
130.0	2.74511638382E-17	1.72571859055E-17	8.40863767749E-16	1.11965208071E-14
132.0	2.77810019274E-17	1.74591733501E-17	8.40999228681E-16	1.11970543789E-14
134.0	2.8116796981E-17	1.76864311994E-17	8.41116315339E-16	1.11973823307E-14
136.0	2.84377254443E-17	1.79461141835E-17	8.41264137642E-16	1.11979589177E-14
138.0	2.87768124678E-17	1.82192173294E-17	8.41375436634E-16	1.11987515715E-14
140.0	2.92192478268E-17	1.85477235809E-17	8.41479454254E-16	1.11999795401E-14
142.0	2.97551141744E-17	1.89318833125E-17	8.41624503215E-16	1.12002555519E-14
144.0	3.03827550042E-17	1.93794839636E-17	8.41712653462E-16	1.12006846105E-14
146.0	3.11182560266E-17	1.98906938559E-17	8.41870913294E-16	1.12013110908E-14
148.0	3.19851689104E-17	2.04408175562E-17	8.41951329273E-16	1.12019636815E-14
150.0	3.28851790671E-17	2.10217006139E-17	8.4203123602E-16	1.12029524144E-14
152.0	3.38497857441E-17	2.16504685475E-17	8.42145131324E-16	1.12035334461E-14
154.0	3.48633838925E-17	2.23252457682E-17	8.42260658936E-16	1.12033591042E-14
156.0	3.59337245636E-17	2.30745427355E-17	8.42354233719E-16	1.12036466365E-14
158.0	3.70677891761E-17	2.39434531249E-17	8.42435869375E-16	1.12046577614E-14
160.0	3.83176296399E-17	2.49573370593E-17	8.4254386838E-16	1.12051615049E-14
162.0	3.97806558053E-17	2.61336585754E-17	8.42708342351E-16	1.12056061597E-14
164.0	4.15223430487E-17	2.74933682615E-17	8.43027114721E-16	1.12058228728E-14
166.0	4.36390115377E-17	2.90433136568E-17	8.4329406345E-16	1.1206038057E-14
168.0	4.62129717086E-17	3.07827000707E-17	8.43505480992E-16	1.12065728598E-14
170.0	4.91206605814E-17	3.26918676309E-17	8.43719549498E-16	1.12070558787E-14
172.0	5.22987812939E-17	3.47578030767E-17	8.44525972505E-16	1.12073609599E-14
174.0	5.58222497701E-17	3.70105481484E-17	8.46013142394E-16	1.12074772726E-14
176.0	5.9657076386E-17	3.94705075714E-17	8.48076643451E-16	1.12077337919E-14
178.0	6.40604823171E-17	4.22130333339E-17	8.50004108897E-16	1.12077971949E-14
180.0	6.87026260716E-17	4.53066155671E-17	8.51787376434E-16	1.12079434638E-14
182.0	7.39839489173E-17	4.8839469747E-17	8.54387328196E-16	1.12081215739E-14
184.0	7.97142038703E-17	5.29128505779E-17	8.57109663622E-16	1.12082458674E-14
186.0	8.61468307182E-17	5.75363910062E-17	8.59418136287E-16	1.12084229431E-14
188.0	9.35609412748E-17	6.27577837373E-17	8.61749534121E-16	1.12087191291E-14
190.0	1.01970252074E-16	6.85732915716E-17	8.63901325737E-16	1.1208911912E-14
192.0	1.11329617997E-16	7.49557013522E-17	8.65956559285E-16	1.12091796479E-14
194.0	1.21776618717E-16	8.19528209285E-17	8.67916199671E-16	1.12092935368E-14
196.0	1.33149431834E-16	8.96156212491E-17	8.69578425512E-16	1.12095250417E-14
198.0	1.45504491189E-16	9.79978440396E-17	8.70794358564E-16	1.12097586588E-14
200.0	1.58938698149E-16	1.07340190562E-16	8.71667950795E-16	1.12098535872E-14
202.0	1.73480647665E-16	1.17783032804E-16	8.72361764553E-16	1.12100576539E-14
204.0	1.8961522022E-16	1.29604276071E-16	8.73893035542E-16	1.12101457563E-14
206.0	2.07544966079E-16	1.42959815158E-16	8.76147561026E-16	1.12102608224E-14
208.0	2.28169375377E-16	1.58075244633E-16	8.77944644278E-16	1.12105128502E-14
210.0	2.51853977487E-16	1.74797374466E-16	8.79459305435E-16	1.12106493693E-14
212.0	2.78446965949E-16	1.93447421862E-16	8.81842622737E-16	1.12107805146E-14
214.0	3.08265572019E-16	2.13928732518E-16	8.85221498686E-16	1.12108787251E-14
216.0	3.41418155536E-16	2.36447366852E-16	8.88245478802E-16	1.12109854064E-14
218.0	3.77832129956E-16	2.61054154439E-16	8.90933485636E-16	1.12111448663E-14
220.0	4.17681247034E-16	2.88299315314E-16	8.92886659889E-16	1.1211364598E-14
222.0	4.61030974331E-16	3.18142193215E-16	8.94130370428E-16	1.12115007421E-14
224.0	5.08707764295E-16	3.5149392684E-16	8.95275272323E-16	1.1211705755E-14
226.0	5.60749931213E-16	3.88769430016E-16	8.96001383444E-16	1.1211933748E-14
228.0	6.18754975399E-16	4.30537549627E-16	8.9646791345E-16	1.12122917671E-14
230.0	6.8421414809E-16	4.76982999751E-16	8.96888841436E-16	1.12127992205E-14
232.0	7.5823396776E-16	5.28720113659E-16	8.9748923621E-16	1.1213329398E-14
234.0	8.41159766296E-16	5.8576172389E-16	8.97911376846E-16	1.12138364731E-14
236.0	9.32682738339E-16	6.48540001052E-16	8.98435723025E-16	1.12144143592E-14
238.0	1.0341226292E-15	7.17604025444E-16	8.98777649074E-16	1.12149180608E-14
240.0	1.14607704943E-15	7.9338213978E-16	8.99134830121E-16	1.12156419461E-14
242.0	1.2672061E-15	8.76355417792E-16	8.99492847067E-16	1.12165868525E-14
244.0	1.40109938355E-15	9.67651051394E-16	8.99895639349E-16	1.121734519E-14
246.0	1.54740347012E-15	1.06865638177E-15	9.00590848048E-16	1.12183908848E-14
248.0	1.70704538765E-15	1.18100965095E-15	9.013039049E-16	1.12197879926E-14
250.0	1.88283048598E-15	1.30597606733E-15	9.0257843697E-16	1.12208622485E-14
252.0	2.08089783538E-15	1.44398684381E-15	9.04624453625E-16	1.12223677101E-14
254.0	2.3011331831E-15	1.59677500506E-15	9.06790955665E-16	1.12240296499E-14
256.0	2.54613973676E-15	1.76442170097E-15	9.08949262643E-16	1.12253011971E-14
258.0	2.81583648204E-15	1.94905998724E-15	9.10864247543E-16	1.12263348126E-14
260.0	3.11338104273E-15	2.15157678281E-15	9.12337255753E-16	1.12275200731E-14
262.0	3.43972098446E-15	2.37262348186E-15	9.14015297627E-16	1.12281489209E-14
264.0	3.79747051604E-15	2.6148745112E-15	9.14994886816E-16	1.12291001483E-14
266.0	4.18900631425E-15	2.88081289429E-15	9.16626271381E-16	1.12296246189E-14
268.0	4.6180367535E-15	3.17464984718E-15	9.17584071226E-16	1.12309063653E-14
270.0	5.08483787591E-15	3.49727420104E-15	9.18224890047E-16	1.12331043622E-14
272.0	5.5995586356E-15	3.85383760279E-15	9.19586056288E-16	1.12355540756E-14
274.0	6.1708796351E-15	4.24818518728E-15	9.21782551872E-16	1.12380036408E-14
276.0	6.80197980061E-15	4.68137804054E-15	9.2445501484E-16	1.12406298013E-14
278.0	7.50191807643E-15	5.15553759629E-15	9.27011935153E-16	1.12429819282E-14
280.0	8.26758376051E-15	5.67551782317E-15	9.29649717204E-16	1.12453456552E-14
282.0	9.11036319251E-15	6.24347490245E-15	9.31867651159E-16	1.12477957038E-14
284.0	1.00357604309E-14	6.86461308933E-15	9.34921890553E-16	1.12495049507E-14
286.0	1.10407310671E-14	7.54315053179E-15	9.38494562152E-16	1.1251622445E-14
288.0	1.21364244574E-14	8.28232255139E-15	9.42237669942E-16	1.12538090991E-14
290.0	1.33361035683E-14	9.09607543622E-15	9.46109794906E-16	1.12574382413E-14
292.0	1.46355884758E-14	9.98988967939E-15	9.49213125877E-16	1.1260952568E-14
294.0	1.60625633494E-14	1.09704843607E-14	9.51163219504E-16	1.12640051638E-14
296.0	1.76399671726E-14	1.20485650909E-14	9.52668279898E-16	1.12673051642E-14
298.0	1.93908098581E-14	1.32333234965E-14	9.54190844341E-16	1.12703356496E-14
300.0	2.13046887241E-14	1.45243946008E-14	9.55795445985E-16	1.12730595068E-14
302.0	2.34056722038E-14	1.59329369086E-14	9.57395057238E-16	1.12756838012E-14
304.0	2.57080118063E-14	1.74707069801E-14	9.59004898843E-16	1.12790836258E-14
306.0	2.82078458532E-14	1.91414974995E-14	9.60528965201E-16	1.12833158702E-14
308.0	3.09200632908E-14	2.09544099989E-14	9.63062767357E-16	1.12914514832E-14
310.0	3.38946787028E-14	2.29378038009E-14	9.66669532761E-16	1.12960816969E-14
312.0	3.70924498378E-14	2.51005106985E-14	9.69713502986E-16	1.12981362893E-14
314.0	4.05562190719E-14	2.74621543514E-14	9.72019815188E-16	1.13021628644E-14
316.0	4.43537301749E-14	3.00547733711E-14	9.73977748926E-16	1.13090757987E-14
318.0	4.85429806974E-14	3.29140591712E-14	9.75563627613E-16	1.13124320813E-14
320.0	5.32137334116E-14	3.60066591679E-14	9.77390447118E-16	1.13154638973E-14
322.0	5.8300959696E-14	3.93971249904E-14	9.79353554325E-16	1.13187154933E-14
324.0	6.38789399782E-14	4.30810050618E-14	9.81289756957E-16	1.13218209167E-14
326.0	6.99145151513E-14	4.70781807713E-14	9.83391837758E-16	1.13254145224E-14
328.0	7.6456034418E-14	5.13984057402E-14	9.85652016205E-16	1.1328548218E-14
330.0	8.34912921387E-14	5.60715545442E-14	9.88006322148E-16	1.13321157193E-14
332.0	9.11131815171E-14	6.11485303471E-14	9.90466372661E-16	1.13361651596E-14
334.0	9.93281652002E-14	6.66713373545E-14	9.93193498964E-16	1.13399198066E-14
336.0	1.0821163237E-13	7.26979918422E-14	9.96622779953E-16	1.13447822315E-14
338.0	1.17902799302E-13	7.92596537972E-14	1.00032232501E-15	1.13504998946E-14
340.0	1.28631673227E-13	8.64657698611E-14	1.00449805818E-15	1.13561376754E-14
342.0	1.4046915096E-13	9.43635710059E-14	1.00957298894E-15	1.13618926395E-14
344.0	1.53484998918E-13	1.02910676443E-13	1.01507037531E-15	1.13681551254E-14
346.0	1.67732282687E-13	1.12153983083E-13	1.02023154731E-15	1.13746750878E-14
348.0	1.83042927566E-13	1.2215423678E-13	1.02596555743E-15	1.13809616059E-14
350.0	1.99523310614E-13	1.3293392941E-13	1.03231015912E-15	1.13872576022E-14
352.0	2.17178354925E-13	1.44491488044E-13	1.03859625924E-15	1.13937637511E-14
354.0	2.3603407419E-13	1.56955423169E-13	1.04576030264E-15	1.14001509784E-14
356.0	2.56217192063E-13	1.70467533692E-13	1.05215853078E-15	1.14074638577E-14
358.0	2.78077031566E-13	1.85197662761E-13	1.05870529868E-15	1.14151695004E-14
360.0	3.01838559314E-13	2.01288414155E-13	1.06658315625E-15	1.14248445123E-14
362.0	3.28109111411E-13	2.18963762998E-13	1.076054312E-15	1.1435635249E-14
364.0	3.57335386792E-13	2.38198961984E-13	1.08536900725E-15	1.14481160355E-14
366.0	3.89493705677E-13	2.59059974031E-13	1.09493746876E-15	1.14604447059E-14
368.0	4.245562643E-13	2.81474291648E-13	1.10467790638E-15	1.14747904771E-14
370.0	4.6208937632E-13	3.05567000441E-13	1.11441857079E-15	1.14896291357E-14
372.0	5.02103789838E-13	3.31333348131E-13	1.1250857392E-15	1.15059562941E-14
374.0	5.44552396018E-13	3.58859711803E-13	1.13695597359E-15	1.15196947403E-14
376.0	5.89693237265E-13	3.88278356824E-13	1.14804954624E-15	1.15338521004E-14
378.0	6.37269054964E-13	4.19982103427E-13	1.1598012419E-15	1.15503505477E-14
380.0	6.88195854575E-13	4.54652345065E-13	1.17337214262E-15	1.15711642148E-14
382.0	7.43707972444E-13	4.92502322293E-13	1.18957239262E-15	1.15949938181E-14
384.0	8.05779597529E-13	5.34154681003E-13	1.20786788716E-15	1.16212631545E-14
386.0	8.75264186591E-13	5.79533559035E-13	1.22874388195E-15	1.16490988943E-14
388.0	9.52389068906E-13	6.28707421345E-13	1.25016753901E-15	1.1677795217E-14
390.0	1.03593628054E-12	6.81080852859E-13	1.27219952447E-15	1.17072111211E-14
392.0	1.12523410013E-12	7.36939562449E-13	1.29436597109E-15	1.17368020111E-14
394.0	1.21954841814E-12	7.96178996836E-13	1.31699052973E-15	1.17672295314E-14
396.0	1.31831729087E-12	8.59259055588E-13	1.34050701871E-15	1.17973818651E-14
398.0	1.42132498949E-12	9.25917799656E-13	1.36409180354E-15	1.18257145216E-14
400.0	1.52876903844E-12	9.97243870538E-13	1.38915565778E-15	1.18573371457E-14
402.0	1.64262123725E-12	1.07482274622E-12	1.41909004419E-15	1.18974708516E-14
404.0	1.76700182127E-12	1.16057856177E-12	1.45650392037E-15	1.19461454775E-14
406.0	1.90737114976E-12	1.25588503998E-12	1.50050321764E-15	1.20040310933E-14
408.0	2.06708716914E-12	1.3597016132E-12	1.54901286797E-15	1.20683681572E-14
410.0	2.24457212422E-12	1.47127367905E-12	1.59983378026E-15	1.21353651294E-14
412.0	2.43855067944E-12	1.58925714499E-12	1.65066681765E-15	1.22010377407E-14
414.0	2.64398389861E-12	1.71421800788E-12	1.70082181911E-15	1.22698580615E-14
416.0	2.85882012857E-12	1.84576215159E-12	1.75036402081E-15	1.23524419881E-14
418.0	3.08133134815E-12	1.98467458953E-12	1.79942342021E-15	1.24270952165E-14
420.0	3.30911718314E-12	2.1292718802E-12	1.84799953852E-15	1.24876574271E-14
422.0	3.54055165046E-12	2.28275950385E-12	1.89865437828E-15	1.25504102687E-14
424.0	3.78221757687E-12	2.44822435529E-12	1.96191773598E-15	1.26320324706E-14
426.0	4.04599825604E-12	2.6355378216E-12	2.04625662524E-15	1.27410266841E-14
428.0	4.34887681473E-12	2.84548509913E-12	2.14830861304E-15	1.28745870068E-14
430.0	4.7037373648E-12	3.0766368423E-12	2.2564921653E-15	1.3019412436E-14
432.0	5.10704963601E-12	3.32126562281E-12	2.36511323901E-15	1.31652147304E-14
434.0	5.54492158549E-12	3.57706248462E-12	2.47514715103E-15	1.33139385261E-14
436.0	6.00377637376E-12	3.84523994171E-12	2.58912061178E-15	1.34672623733E-14
438.0	6.47659083408E-12	4.1269892323E-12	2.70223581472E-15	1.36174265347E-14
440.0	6.95713941895E-12	4.42097085699E-12	2.7998598062E-15	1.37446092408E-14
442.0	7.44023041576E-12	4.72301856692E-12	2.88014189813E-15	1.38436604085E-14
444.0	7.92219946422E-12	5.03428113229E-12	2.96464168575E-15	1.39471368943E-14
446.0	8.40654851465E-12	5.37433736471E-12	3.08569069136E-15	1.41099759854E-14
448.0	8.9325070524E-12	5.76249488747E-12	3.2640458967E-15	1.43603391763E-14
450.0	9.56244716104E-12	6.2155267518E-12	3.48902807551E-15	1.46798475233E-14
452.0	1.03338569586E-11	6.71805560372E-12	3.72754693431E-15	1.50092775204E-14
454.0	1.12211762813E-11	7.23399502626E-12	3.95326647873E-15	1.53076499819E-14
456.0	1.21762293414E-11	7.76386233605E-12	4.18061697497E-15	1.55979362013E-14
458.0	1.31768932666E-11	8.31901589929E-12	4.43547643048E-15	1.59079165759E-14
460.0	1.4191653209E-11	8.89436570824E-12	4.67891804346E-15	1.62223580496E-14
462.0	1.52000405162E-11	9.49936496782E-12	4.8764247308E-15	1.64656811477E-14
464.0	1.61852032889E-11	1.01082478243E-11	5.00227130559E-15	1.66025660858E-14
466.0	1.71401708125E-11	1.06997941783E-11	5.14702199198E-15	1.67417112607E-14
468.0	1.80664804099E-11	1.13526931923E-11	5.39113762832E-15	1.70781698312E-14
470.0	1.90500919511E-11	1.21288661428E-11	5.80787911401E-15	1.76596779528E-14
472.0	2.02796288005E-11	1.30733410091E-11	6.32325947791E-15	1.84395289802E-14
474.0	2.19278231831E-11	1.41393336613E-11	6.84191160731E-15	1.9173724673E-14
476.0	2.38607741024E-11	1.52090460913E-11	7.27423875276E-15	1.97233391272E-14
478.0	2.58684268556E-11	1.62565432084E-11	7.6988137899E-15	2.02616382495E-14
480.0	2.8005420876E-11	1.73447864303E-11	8.19886219102E-15	2.09252051616E-14
482.0	3.01341545542E-11	1.84167239909E-11	8.76151874364E-15	2.1683849334E-14
484.0	3.21871434345E-11	1.96752946911E-11	9.22025121843E-15	2.22189055223E-14
486.0	3.41406467114E-11	2.08807471669E-11	9.45909542221E-15	2.2479222405E-14
488.0	3.59563087474E-11	2.1931460531E-11	9.66011971468E-15	2.28743395261E-14
490.0	3.76799283112E-11	2.31078146578E-11	1.01823656311E-14	2.37223968692E-14
492.0	3.94033210983E-11	2.46088514936E-11	1.10951869079E-14	2.50302115573E-14
494.0	4.15784827886E-11	2.64475799731E-11	1.23472023832E-14	2.7042245392E-14
496.0	4.53176175151E-11	2.87676540764E-11	1.34166485524E-14	2.86973803068E-14
498.0	5.02592167117E-11	3.16203636893E-11	1.41147470122E-14	2.96116318661E-14
500.0	5.50148449098E-11	3.40251369896E-11	1.48586453232E-14	3.05331330409E-14
502.0	5.97083132694E-11	3.61816918456E-11	1.59258935286E-14	3.21569982332E-14
504.0	6.37361058358E-11	3.75932904164E-11	1.71271117845E-14	3.38585805566E-14
506.0	6.69201028581E-11	3.97219288289E-11	1.80905937702E-14	3.55592188371E-14
508.0	6.95948728871E-11	4.22707016628E-11	1.85172869297E-14	3.79417446977E-14
510.0	7.26106410718E-11	4.55750786823E-11	1.88217384194E-14	3.93550492564E-14
512.0	7.61625472079E-11	4.95953980915E-11	1.99045757166E-14	4.14377915845E-14
514.0	7.74270676784E-11	5.43073609056E-11	2.16824068656E-14	4.39270135585E-14
516.0	8.00122730943E-11	5.97882114286E-11	2.52791261181E-14	4.87179781888E-14
518.0	9.12906635319E-11	6.62051319539E-11	2.84041340417E-14	5.40694456637E-14
520.0	1.02204938633E-10	7.12270583581E-11	2.97228003733E-14	5.58357806112E-14
522.0	1.18339982608E-10	7.19840647599E-11	3.13016249672E-14	5.87423619436E-14
524.0	1.24925932193E-10	7.44842028513E-11	3.49245456116E-14	6.52178236083E-14
526.0	1.32497862723E-10	7.74252986095E-11	3.79705524509E-14	6.96306928249E-14
528.0	1.572890982E-10	9.57567341944E-11	3.94399010637E-14	7.21636152754E-14
530.0	1.60133653884E-10	1.02938407746E-10	4.1301187141E-14	8.10198887572E-14
532.0	1.840188982E-10	1.11537698458E-10	4.34632229207E-14	8.69825881111E-14
534.0	2.08648774904E-10	1.25505676514E-10	4.83191606399E-14	9.60164595196E-14
536.0	2.16666764433E-10	1.32047769472E-10	5.29950685746E-14	1.03126055011E-13
538.0	2.3024438851E-10	1.35322313334E-10	5.94203090287E-14	1.11814557179E-13
540.0	2.42560721666E-10	1.37374729091E-10	7.03318884682E-14	1.36233673012E-13
542.0	2.93954100806E-10	1.43589669221E-10	7.35845331972E-14	1.43220174718E-13
544.0	3.65429878301E-10	1.65921753269E-10	8.12938821849E-14	1.54716704094E-13
546.0	4.3179009782E-10	1.72456113414E-10	9.40075821524E-14	1.73918749446E-13
548.0	4.77279903383E-10	1.87519185063E-10	1.00459894526E-13	1.83334855876E-13
550.0	5.61833354694E-10	1.91895262429E-10	1.05537265194E-13	1.86444680865E-13
552.0	5.78555705865E-10	1.95311945943E-10	1.23675013911E-13	1.9082557832E-13
554.0	6.16669526954E-10	2.09620922547E-10	1.36525959602E-13	1.95478822003E-13
556.0	6.34115508184E-10	2.39328224623E-10	1.45662050775E-13	2.06016356258E-13
558.0	6.57457554953E-10	2.51435460283E-10	1.53036601441E-13	2.11059997778E-13
560.0	6.67999098811E-10	2.54740291545E-10	1.63421246025E-13	2.19828730192E-13
562.0	7.83727644762E-10	2.55313407422E-10	2.04503209904E-13	2.55315593686E-13
564.0	1.34723175651E-9	2.59366960323E-10	2.2776366729E-13	2.822896282E-13
566.0	1.515050749E-9	2.68937306976E-10	2.5148596645E-13	3.06714367545E-13
568.0	1.65575546823E-9	2.69287483167E-10	2.64990263997E-13	3.30617294076E-13
570.0	1.74649320778E-9	2.70233923997E-10	2.72807891398E-13	3.36180343962E-13
572.0	1.91611275697E-9	2.71808979539E-10	2.77234236382E-13	3.40225245563E-13
574.0	2.17315128258E-9	2.72689620352E-10	2.92710158698E-13	3.48397339424E-13
576.0	2.29817135269E-9	2.73043441408E-10	2.96032871087E-13	3.59463727537E-13
578.0	2.31700062902E-9	2.74237908877E-10	3.02064055794E-13	3.65327135462E-13
580.0	2.32285448661E-9	2.76215542014E-10	3.06456998185E-13	3.67665645921E-13
582.0	2.33305217024E-9	2.78084265561E-10	3.15293289243E-13	3.7463713012E-13
584.0	2.36517933232E-9	2.79469037188E-10	3.44506486281E-13	4.01139264378E-13
586.0	2.38309997721E-9	2.7996843113E-10	3.60820943725E-13	4.15045184259E-13
588.0	2.43218913548E-9	2.80476969041E-10	3.78430306416E-13	4.36531953445E-13
590.0	2.44844243997E-9	2.81286491868E-10	3.92518043021E-13	4.52681295391E-13
592.0	2.48912412873E-9	2.81733594766E-10	4.08148563775E-13	4.79857418378E-13
594.0	2.51015764421E-9	2.83291646853E-10	4.19881493995E-13	5.04683156806E-13
596.0	2.52372107933E-9	2.8489276167E-10	4.48870206167E-13	5.21241218868E-13
598.0	2.53760056807E-9	2.85561958847E-10	4.80202818231E-13	5.38643857634E-13
600.0	2.55841203546E-9	2.86614444757E-10	4.90357379122E-13	5.48142412847E-13
602.0	2.5657159753E-9	2.87188812083E-10	4.96017897343E-13	5.52719130533E-13
604.0	2.57942551063E-9	2.87512397436E-10	5.05744254666E-13	5.6185856677E-13
606.0	2.59887651184E-9	2.88188067412E-10	5.45206847626E-13	5.93043977246E-13
608.0	2.60493364644E-9	2.87950271308E-10	5.88503541754E-13	6.38502637166E-13
610.0	2.60751214849E-9	2.88238833175E-10	6.25565951204E-13	6.72344690324E-13
612.0	2.61356189664E-9	2.88391968707E-10	6.66127547967E-13	7.08062826698E-13
614.0	2.62065540872E-9	2.88580992393E-10	7.09422940688E-13	7.22950113134E-13
616.0	2.62557558521E-9	2.89639306486E-10	7.31743764474E-13	7.35487617421E-13
618.0	2.63251357577E-9	2.90334106286E-10	7.36218890083E-13	7.44406849876E-13
620.0	2.63523295154E-9	2.90955142883E-10	7.40595413801E-13	7.5508242862E-13
622.0	2.63772497646E-9	2.91233060295E-10	7.4717414458E-13	7.62488444292E-13
624.0	2.63840389473E-9	2.91475276819E-10	7.51581597936E-13	7.6551934902E-13
626.0	2.6397637543E-9	2.91707707838E-10	7.58066812833E-13	7.7140979271E-13
628.0	2.6411835602E-9	2.91922986149E-10	7.75364337635E-13	7.8516191737E-13
630.0	2.64297130918E-9	2.92232409955E-10	8.08603451375E-13	8.22588936965E-13
632.0	2.64521776704E-9	2.92493314409E-10	8.26408489867E-13	8.43664020079E-13
634.0	2.6490675804E-9	2.92719973776E-10	8.4968080355E-13	9.10467106279E-13
636.0	2.6549568704E-9	2.92864392893E-10	8.61614639489E-13	9.28547629882E-13
638.0	2.65939124985E-9	2.93074320027E-10	8.71922204876E-13	9.34468404052E-13
640.0	2.65966116483E-9	2.9390573194E-10	8.81469291337E-13	9.46585865998E-13
642.0	2.67565954205E-9	2.94852096446E-10	8.93908517194E-13	9.62294144589E-13
644.0	2.67921639179E-9	2.95655380337E-10	9.01484023636E-13	9.8952654526E-13
646.0	2.68304925731E-9	2.95934196927E-10	9.04239683712E-13	1.00442669046E-12
648.0	2.68759024339E-9	2.96350621027E-10	9.11289495803E-13	1.02976737238E-12
650.0	2.69119706419E-9	2.96681955891E-10	9.24001553467E-13	1.07452837837E-12
652.0	2.69319555034E-9	2.97112089006E-10	9.60539095825E-13	1.0961227094E-12
654.0	2.70131727308E-9	2.97500323438E-10	9.79227041449E-13	1.11122771153E-12
656.0	2.71547442223E-9	2.97642770169E-10	1.03835138425E-12	1.17110526653E-12
658.0	2.72449715472E-9	2.97829617194E-10	1.05710621095E-12	1.1955576662E-12
660.0	2.73560946931E-9	2.98580483855E-10	1.07149608E-12	1.20567531582E-12
662.0	2.75573715834E-9	2.99073278669E-10	1.07794735666E-12	1.21656399886E-12
664.0	2.79212932721E-9	2.99551954005E-10	1.0865758039E-12	1.2234562221E-12
666.0	2.82124112325E-9	2.99728722699E-10	1.10807440521E-12	1.2439177053E-12
668.0	2.83982038315E-9	3.00452834517E-10	1.1202239982E-12	1.27337029149E-12
670.0	2.85891674961E-9	3.00788268112E-10	1.14105734781E-12	1.29186937585E-12
672.0	2.89529351854E-9	3.01627054725E-10	1.16948450287E-12	1.34099577175E-12
674.0	2.92986237215E-9	3.02690769914E-10	1.19714628107E-12	1.37068870487E-12
676.0	2.95769070442E-9	3.03572612926E-10	1.21244272547E-12	1.39206955296E-12
678.0	2.97990947085E-9	3.04444529402E-10	1.25418202548E-12	1.42494025452E-12
680.0	3.01683726131E-9	3.04980966128E-10	1.26788225116E-12	1.437796435E-12
682.0	3.08213434354E-9	3.05405287455E-10	1.28644164694E-12	1.47607943621E-12
684.0	3.12436315181E-9	3.05601187304E-10	1.30263121329E-12	1.50271683301E-12
686.0	3.14567787585E-9	3.05909940579E-10	1.31211214423E-12	1.51437113005E-12
688.0	3.17049071551E-9	3.06556006882E-10	1.31985859465E-12	1.51834758019E-12
690.0	3.18169563931E-9	3.06974129035E-10	1.33240113793E-12	1.52683575084E-12
692.0	3.1996602137E-9	3.07714349754E-10	1.33817858297E-12	1.53190728369E-12
694.0	3.23814286303E-9	3.08400115676E-10	1.34878379622E-12	1.55496035482E-12
696.0	3.27345812019E-9	3.08921711221E-10	1.35695912668E-12	1.57762380236E-12
698.0	3.28101230489E-9	3.09450485483E-10	1.36492039271E-12	1.59671355985E-12
700.0	3.3114339895E-9	3.10938881083E-10	1.3839298513E-12	1.61785622236E-12
702.0	3.38486608851E-9	3.11993783855E-10	1.39917645084E-12	1.63884887385E-12
704.0	3.4876308477E-9	3.12467953137E-10	1.40590563354E-12	1.65107046754E-12
706.0	3.59129966035E-9	3.12765767365E-10	1.4168916132E-12	1.66811698996E-12
708.0	3.6844646491E-9	3.13719563146E-10	1.42545099528E-12	1.67720665217E-12
710.0	3.75087316088E-9	3.14323466493E-10	1.43404922098E-12	1.6819404022E-12
712.0	3.79431391047E-9	3.15770758281E-10	1.4419597202E-12	1.689947388E-12
714.0	3.83846791022E-9	3.16786260083E-10	1.45414826305E-12	1.69801480919E-12
716.0	3.88309920363E-9	3.17673443958E-10	1.48111315399E-12	1.7294112733E-12
718.0	3.92888765384E-9	3.18495983434E-10	1.48821634287E-12	1.74204582129E-12
720.0	3.96500451347E-9	3.20918184427E-10	1.49772732543E-12	1.75692423918E-12
722.0	3.98878052871E-9	3.22591498762E-10	1.50888095046E-12	1.77335521233E-12
724.0	4.03178656674E-9	3.23121637482E-10	1.53232427678E-12	1.79571448188E-12
726.0	4.10423098776E-9	3.23241332207E-10	1.53423031291E-12	1.81230684216E-12
728.0	4.16115134913E-9	3.23518575964E-10	1.54091948831E-12	1.82481095175E-12
730.0	4.19947428192E-9	3.24188091929E-10	1.54646690138E-12	1.8450979861E-12
732.0	4.21833092107E-9	3.25172955248E-10	1.55057261953E-12	1.85668688799E-12
734.0	4.22258151328E-9	3.25496076165E-10	1.55820766466E-12	1.86283232594E-12
736.0	4.24235191019E-9	3.26994256345E-10	1.56550489873E-12	1.87393569189E-12
738.0	4.26291597098E-9	3.29849535408E-10	1.59164944007E-12	1.88937910361E-12
740.0	4.30289162885E-9	3.32488983433E-10	1.59786834392E-12	1.89880210702E-12
742.0	4.31864657778E-9	3.34558415024E-10	1.6081135393E-12	1.91019488763E-12
744.0	4.37377958401E-9	3.37316152537E-10	1.62789896877E-12	1.93435763701E-12
746.0	4.55859242366E-9	3.39645156417E-10	1.64507872215E-12	1.96374501948E-12
748.0	4.79408497688E-9	3.41295921765E-10	1.66855095019E-12	1.9966248397E-12
750.0	4.97650593943E-9	3.42385288828E-10	1.68753172437E-12	2.01643765423E-12
752.0	5.04247445481E-9	3.43600700881E-10	1.69706247848E-12	2.03190712421E-12
754.0	5.07601645891E-9	3.44094841078E-10	1.70519682453E-12	2.04013550205E-12
756.0	5.10276561919E-9	3.45802675687E-10	1.71390110025E-12	2.04906983456E-12
758.0	5.11585279329E-9	3.46216753935E-10	1.72552397628E-12	2.06530220929E-12
760.0	5.25989178903E-9	3.46878211087E-10	1.74648086187E-12	2.07629693415E-12
762.0	5.79106738353E-9	3.48221598188E-10	1.75337473725E-12	2.08313079009E-12
764.0	6.25171935811E-9	3.49266731984E-10	1.7637412659E-12	2.1032981199E-12
766.0	6.32350026096E-9	3.50143014601E-10	1.7824791323E-12	2.11420571329E-12
768.0	6.3356794224E-9	3.50498703925E-10	1.81060402882E-12	2.12519392623E-12
770.0	6.59032402996E-9	3.51071593699E-10	1.83676561795E-12	2.15237794331E-12
772.0	7.05459658053E-9	3.51928045978E-10	1.84945559054E-12	2.18296638695E-12
774.0	7.58826586818E-9	3.53898528518E-10	1.85819712549E-12	2.19852756338E-12
776.0	8.05993992227E-9	3.54972534361E-10	1.86494662137E-12	2.21615872934E-12
778.0	8.33154466309E-9	3.574370735E-10	1.87457408145E-12	2.24097721107E-12
780.0	8.80282060135E-9	3.59457870499E-10	1.88857513096E-12	2.26386741153E-12
782.0	8.75342250042E-9	3.62697915939E-10	1.89445858864E-12	2.28045716922E-12
784.0	8.87963517726E-9	3.63765222905E-10	1.90592531132E-12	2.29422878316E-12
786.0	9.06771386618E-9	3.64614652121E-10	1.91500687153E-12	2.30417543206E-12
788.0	9.0927502189E-9	3.66541176309E-10	1.92697086405E-12	2.32002236544E-12
790.0	9.09723176325E-9	3.68943132603E-10	1.93695605677E-12	2.34953291812E-12
792.0	9.14682294382E-9	3.71952290848E-10	1.95918989317E-12	2.39936216208E-12
794.0	9.19311540795E-9	3.76701725648E-10	1.97270204846E-12	2.45596918451E-12
796.0	9.27905021782E-9	3.79218822772E-10	1.98178423714E-12	2.5270728415E-12
798.0	9.30533934414E-9	3.83928076708E-10	1.99039209328E-12	2.62471972765E-12
800.0	9.42487801307E-9	3.85394015092E-10	2.00306255879E-12	2.71469942626E-12
802.0	9.49318991329E-9	3.87901592244E-10	2.02577198838E-12	2.82397309379E-12
804.0	9.59576445054E-9	3.89169796843E-10	2.03552817531E-12	2.91147850131E-12
806.0	9.63911121819E-9	3.90633220242E-10	2.0402466199E-12	3.02250130045E-12
808.0	9.75820069023E-9	3.91299368407E-10	2.05645447292E-12	3.16192677283E-12
810.0	1.00302377425E-8	3.91648380615E-10	2.07097172775E-12	3.25505020432E-12
812.0	1.0269677212E-8	3.92201173995E-10	2.0903713036E-12	3.41289401179E-12
814.0	1.04109061188E-8	3.93499413594E-10	2.10995297894E-12	3.71504048045E-12
816.0	1.05027731146E-8	3.97133109869E-10	2.12503558749E-12	4.13408394544E-12
818.0	1.06842454868E-8	3.98397685526E-10	2.14075880178E-12	5.04144615126E-12
820.0	1.08640795341E-8	4.02251761052E-10	2.16061437479E-12	6.20798142305E-12
822.0	1.14114958048E-8	4.02717639064E-10	2.18484900979E-12	7.33460048992E-12
824.0	1.14872307067E-8	4.06014824708E-10	2.23107819633E-12	8.5457353925E-12
826.0	1.2056420122E-8	4.08062978767E-10	2.27638683419E-12	9.95905025057E-12
828.0	1.2644694069E-8	4.10063902511E-10	2.32734856177E-12	1.15927417396E-11
830.0	1.28852235506E-8	4.14147011272E-10	2.38817708659E-12	1.34159800862E-11
832.0	1.29938044726E-8	4.1737227334E-10	2.46353393311E-12	1.5442389145E-11
834.0	1.31216887858E-8	4.19377876512E-10	2.53561967286E-12	1.75950846631E-11
836.0	1.32985229409E-8	4.21750287566E-10	2.62122972679E-12	1.99917502485E-11
838.0	1.35996311721E-8	4.26038865277E-10	2.70850255838E-12	2.37952529294E-11
840.0	1.41526357748E-8	4.30831984916E-10	2.8138522772E-12	2.83844515067E-11
842.0	1.45412007533E-8	4.37486219239E-10	2.96619437362E-12	3.42088048949E-11
844.0	1.54564120591E-8	4.47796287597E-10	3.15918216255E-12	4.03432539021E-11
846.0	1.61829607992E-8	4.60473542625E-10	3.38128324012E-12	4.87781455196E-11
848.0	1.63344135256E-8	4.73257492238E-10	3.60638461108E-12	5.64089699237E-11
850.0	1.7254910914E-8	4.83868208207E-10	3.82221880614E-12	6.58428788785E-11
852.0	1.76443189049E-8	4.94068191671E-10	4.06283473073E-12	7.87706676321E-11
854.0	1.76168332588E-8	5.13341663335E-10	4.32095334687E-12	9.39808275597E-11
856.0	1.77269522717E-8	5.28779265171E-10	4.66182200291E-12	1.09599270926E-10
858.0	1.80256606836E-8	5.39675776273E-10	5.17264997281E-12	1.33997943032E-10
860.0	1.83653235865E-8	5.50684278621E-10	5.83228674968E-12	1.67433469397E-10
862.0	1.88942258962E-8	5.63122056457E-10	6.77491498226E-12	1.96891822298E-10
864.0	1.94000767465E-8	5.81745554091E-10	8.07839074847E-12	2.27148558483E-10
866.0	1.98618247851E-8	6.0199985472E-10	9.65966204409E-12	2.68883603647E-10
868.0	2.02831076466E-8	6.17000316054E-10	1.1791688372E-11	3.09823143614E-10
870.0	2.07248717052E-8	6.32288808826E-10	1.38889031555E-11	3.6826679343E-10
872.0	2.09652869991E-8	6.52730448107E-10	1.62599324464E-11	4.39831171509E-10
874.0	2.13238431653E-8	6.7208878685E-10	1.95315715866E-11	5.08098487423E-10
876.0	2.15959356666E-8	6.94864641357E-10	2.25886731346E-11	6.17239450973E-10
878.0	2.17786921054E-8	7.20898550378E-10	2.6286291671E-11	8.20046255322E-10
880.0	2.19672178623E-8	7.44533660784E-10	3.07995972825E-11	1.31842203651E-9
882.0	2.23037264191E-8	7.68281121669E-10	3.81865648942E-11	2.20575994555E-9
884.0	2.27427915567E-8	7.94964829462E-10	4.62081021148E-11	3.1674706979E-9
886.0	2.34062660753E-8	8.34274003405E-10	5.48741493116E-11	4.39363924815E-9
888.0	2.39982047399E-8	8.62738468243E-10	6.25322452256E-11	5.73706712392E-9
890.0	2.48729512037E-8	9.00225112377E-10	7.1732004551E-11	7.63083462609E-9
892.0	2.50368526166E-8	9.33791875005E-10	8.24500162994E-11	1.00795327523E-8
894.0	2.59883334627E-8	9.67139287894E-10	9.49048498498E-11	1.42332800665E-8
896.0	2.63416471666E-8	1.01000799863E-9	1.09674045008E-10	1.93166333722E-8
898.0	2.65540304336E-8	1.0682801315E-9	1.28595046505E-10	2.59242665688E-8
900.0	2.70779061296E-8	1.1198563215E-9	1.54409640568E-10	3.28337555611E-8
902.0	2.76448666155E-8	1.20704356714E-9	2.01033135428E-10	4.19636099949E-8
904.0	2.78739887566E-8	1.27431487072E-9	2.72282503752E-10	5.20828605397E-8
906.0	2.91074034245E-8	1.34646084497E-9	3.40788395863E-10	6.01852493086E-8
908.0	2.92606606507E-8	1.43149640307E-9	4.2848585358E-10	7.0677997394E-8
910.0	3.04871311915E-8	1.52387422982E-9	5.07488073057E-10	9.12207766516E-8
912.0	3.1273274712E-8	1.59975215174E-9	5.88627394447E-10	1.29098123036E-7
914.0	3.13864681595E-8	1.70629230208E-9	7.05915734898E-10	1.90237395329E-7
916.0	3.18820760367E-8	1.80311506262E-9	8.3252364106E-10	2.78099917671E-7
918.0	3.20947748724E-8	1.88985746782E-9	9.86189332818E-10	4.0985949681E-7
920.0	3.22681576969E-8	1.95455855789E-9	1.17536474549E-9	5.55955767997E-7
922.0	3.26398637119E-8	2.06087140834E-9	1.43973083503E-9	7.05222889918E-7
924.0	3.32485895793E-8	2.2174694105E-9	1.89187495482E-9	8.58370441802E-7
926.0	3.37064955743E-8	2.35894833576E-9	2.74049372333E-9	1.00023724125E-6
928.0	3.43847630676E-8	2.54910909525E-9	3.3407367884E-9	1.17675381939E-6
930.0	3.47393847189E-8	2.74798412327E-9	4.22504310363E-9	1.47887531253E-6
932.0	3.54204370535E-8	2.89259675534E-9	4.8883618222E-9	1.96588691547E-6
934.0	3.56260222117E-8	3.04874056108E-9	5.60764655056E-9	2.6896147114E-6
936.0	3.61798397714E-8	3.25155678509E-9	6.85718425167E-9	3.56660036219E-6
938.0	3.67094732303E-8	3.40423948615E-9	8.69883351646E-9	4.60863744107E-6
940.0	3.69118738411E-8	3.61105118072E-9	1.10882294801E-8	5.57269836985E-6
942.0	3.72218144855E-8	3.83658594445E-9	1.43718117848E-8	6.53144682049E-6
944.0	3.76771543893E-8	4.07991854677E-9	1.90114784677E-8	7.48651137934E-6
946.0	3.82444001554E-8	4.24492119646E-9	2.54152182325E-8	8.16585148474E-6
948.0	3.86944106808E-8	4.46660918332E-9	3.28996317211E-8	8.87839482853E-6
950.0	3.92829742175E-8	4.70920678134E-9	3.87154024042E-8	9.43192305647E-6
952.0	3.98954181582E-8	4.94742678136E-9	4.53299119739E-8	1.00391480037E-5
954.0	4.05743597104E-8	5.15018458071E-9	5.02214864622E-8	1.05767589393E-5
956.0	4.15364724926E-8	5.33241788697E-9	5.71149964584E-8	1.1722406794E-5
958.0	4.19659835306E-8	5.54969075393E-9	7.07384729999E-8	1.26074017156E-5
960.0	4.21838911881E-8	5.76861479673E-9	9.27020703454E-8	1.43007651402E-5
962.0	4.2604952655E-8	5.92102617427E-9	1.2022377749E-7	1.5877575747E-5
964.0	4.28957255823E-8	6.08438971059E-9	1.51372786028E-7	1.76647704793E-5
966.0	4.31220943966E-8	6.26968435919E-9	1.83418223688E-7	2.04148109552E-5
968.0	4.34648853358E-8	6.51786297198E-9	2.16436831145E-7	2.27745615743E-5
970.0	4.37305502076E-8	6.75929955781E-9	2.59269318212E-7	2.47896736942E-5
972.0	4.41443718454E-8	7.07540875631E-9	2.87464321909E-7	2.66709357558E-5
974.0	4.45260907211E-8	7.58463160367E-9	3.19270716819E-7	2.81906611789E-5
976.0	4.52437680724E-8	7.85854562771E-9	3.43995399626E-7	2.97776985233E-5
978.0	4.54855132934E-8	8.1312305797E-9	3.71596262232E-7	3.14775924465E-5
980.0	4.62073265907E-8	8.39661076873E-9	4.13091902601E-7	3.36469132671E-5
982.0	4.66683732826E-8	8.68872133491E-9	4.60888410429E-7	3.59470462313E-5
984.0	4.69376968844E-8	9.05372586871E-9	5.15902234447E-7	3.89082695746E-5
986.0	4.73613957307E-8	9.45306826682E-9	5.69548299134E-7	4.20656891492E-5
988.0	4.78838878796E-8	9.84334221948E-9	6.27068313425E-7	4.50022386872E-5
990.0	4.85791588883E-8	1.02690451165E-8	7.0263630125E-7	4.89907756578E-5
992.0	4.90922470413E-8	1.09751559766E-8	8.10230868391E-7	5.31595064776E-5
994.0	4.95386502206E-8	1.16037487095E-8	8.80420480657E-7	5.60639004832E-5
996.0	4.98828432111E-8	1.22290331578E-8	9.65115005317E-7	5.98613639953E-5
998.0	5.02541413173E-8	1.2629713153E-8	1.01243311006E-6	6.53802738762E-5
1000.0	5.07355763538E-8	1.31620734639E-8	1.07239361452E-6	7.50207108637E-5
1002.0	5.10751905451E-8	1.37920415053E-8	1.16099267879E-6	8.52363801947E-5
1004.0	5.14101163077E-8	1.44779074031E-8	1.27947033847E-6	9.46479687274E-5
1006.0	5.18228811624E-8	1.4996893275E-8	1.3534664223E-6	1.02064683371E-4
1008.0	5.22115376534E-8	1.55218920074E-8	1.44644588913E-6	1.08001116796E-4
1010.0	5.26939084782E-8	1.62703255731E-8	1.55262821615E-6	1.13930009227E-4
1012.0	5.31545579083E-8	1.71975361546E-8	1.7479125883E-6	1.22749578543E-4
1014.0	5.37743198786E-8	1.87094124853E-8	2.04940313021E-6	1.307327994E-4
1016.0	5.43940207002E-8	2.04875871306E-8	2.26260517277E-6	1.37315383858E-4
1018.0	5.48866257724E-8	2.30216140414E-8	2.50242403948E-6	1.43672217714E-4
1020.0	5.54567880121E-8	2.47856711606E-8	2.6149183959E-6	1.52380248298E-4
1022.0	5.62163375745E-8	2.67569008197E-8	2.75730403294E-6	1.6256323209E-4
1024.0	5.67642628448E-8	2.80779564837E-8	2.95013721511E-6	1.7382530411E-4
1026.0	5.72896812079E-8	2.91178352357E-8	3.14707028634E-6	1.86094444136E-4
1028.0	5.80155131717E-8	3.04120092207E-8	3.35242657254E-6	1.97262433191E-4
1030.0	5.8941982537E-8	3.18822059831E-8	3.67614250727E-6	2.08669046975E-4
1032.0	5.97690796972E-8	3.48437296202E-8	3.97126230465E-6	2.26322444598E-4
1034.0	6.06030664804E-8	3.97084136364E-8	4.56669591742E-6	2.42164851665E-4
1036.0	6.13507527205E-8	4.63359496288E-8	5.45103989353E-6	2.56003042517E-4
1038.0	6.19505408771E-8	5.27528800539E-8	6.05391021042E-6	2.68386175481E-4
1040.0	6.27387744751E-8	6.24225436224E-8	6.72777490465E-6	2.77536575133E-4
1042.0	6.33438909992E-8	7.24984747926E-8	7.01802469583E-6	2.86351923324E-4
1044.0	6.40504604732E-8	8.18825003043E-8	7.36974054537E-6	2.94310182607E-4
1046.0	6.43998047056E-8	9.11242872282E-8	7.73513893372E-6	3.02467705355E-4
1048.0	6.48492881485E-8	9.95842500383E-8	8.02598285719E-6	3.11585161283E-4
1050.0	6.53088249996E-8	1.07613469802E-7	8.42885367744E-6	3.20490470423E-4
1052.0	6.57512853598E-8	1.15392140499E-7	8.70467824963E-6	3.34466792196E-4
1054.0	6.63939883107E-8	1.2444371918E-7	9.22322105678E-6	3.49213649185E-4
1056.0	6.71820678981E-8	1.31204849763E-7	9.92654064111E-6	3.6515762553E-4
1058.0	6.78496626006E-8	1.42048800026E-7	1.09356806246E-5	3.83080653153E-4
1060.0	6.85418340502E-8	1.53624239816E-7	1.1949950405E-5	3.9339092413E-4
1062.0	6.92766699687E-8	1.7080420442E-7	1.31510488858E-5	4.06249218066E-4
1064.0	6.99719339827E-8	1.91039177634E-7	1.37828085823E-5	4.19994822855E-4
1066.0	7.05265323984E-8	2.05514765434E-7	1.42539140732E-5	4.33377625935E-4
1068.0	7.13933155905E-8	2.23309568108E-7	1.47464484875E-5	4.45943746852E-4
1070.0	7.21466260886E-8	2.37397760994E-7	1.52182787824E-5	4.6151817519E-4
1072.0	7.30373234919E-8	2.47091088803E-7	1.58584654003E-5	4.77195183899E-4
1074.0	7.39424205185E-8	2.61535152378E-7	1.66461191537E-5	5.06070914544E-4
1076.0	7.47475682259E-8	2.72874727946E-7	1.77336294891E-5	5.30096210167E-4
1078.0	7.5554852669E-8	2.85178711971E-7	1.91851232904E-5	5.56956372538E-4
1080.0	7.65800553884E-8	3.00748147281E-7	2.06963088691E-5	5.76692044972E-4
1082.0	7.75169952895E-8	3.14599804153E-7	2.23988843807E-5	5.93930440717E-4
1084.0	7.83493959486E-8	3.33112685152E-7	2.43590899356E-5	6.08755835131E-4
1086.0	7.91725541049E-8	3.52704745853E-7	2.57295862654E-5	6.2309079061E-4
1088.0	7.97511367602E-8	3.75010568444E-7	2.65723991003E-5	6.36891033817E-4
1090.0	8.03900367987E-8	4.1370518327E-7	2.74708057278E-5	6.5056852095E-4
1092.0	8.10957069493E-8	4.49689801119E-7	2.83553969426E-5	6.62461255992E-4
1094.0	8.21887286406E-8	4.86842709168E-7	2.92876430487E-5	6.78996577771E-4
1096.0	8.31613581557E-8	5.2240975559E-7	3.01371854584E-5	6.97536844958E-4
1098.0	8.40641579022E-8	5.57540440899E-7	3.1191293432E-5	7.25698166637E-4
1100.0	8.56698262267E-8	5.98880919343E-7	3.23481101903E-5	7.52851237773E-4
1102.0	8.7405755401E-8	6.37172480533E-7	3.39176231603E-5	7.79924760618E-4
1104.0	8.94011381874E-8	6.70735165702E-7	3.49641477305E-5	8.01614601714E-4
1106.0	9.13272440796E-8	7.0846845161E-7	3.63884142691E-5	8.26543444002E-4
1108.0	9.35432022584E-8	7.44460112328E-7	3.74874275655E-5	8.5023066386E-4
1110.0	9.55879865631E-8	7.81885234389E-7	3.81471127569E-5	8.73617869683E-4
1112.0	9.77135046177E-8	8.27109118743E-7	3.9351014566E-5	8.95686480361E-4
1114.0	9.9780882201E-8	8.76412295566E-7	4.05370379912E-5	9.17620760392E-4
1116.0	1.01939633822E-7	9.25604637367E-7	4.14203833017E-5	9.39932597073E-4
1118.0	1.0425338658E-7	9.84491544402E-7	4.2501017172E-5	9.66863286552E-4
1120.0	1.06383249066E-7	1.07836674299E-6	4.38239801038E-5	9.99460186485E-4
1122.0	1.08715790616E-7	1.17952880139E-6	4.54295417469E-5	0.00103995295576
1124.0	1.11427348165E-7	1.26020088406E-6	4.75874450715E-5	0.00108313121133
1126.0	1.13669867962E-7	1.35933678963E-6	4.91236456211E-5	0.00112269569755
1128.0	1.16158175429E-7	1.45188576401E-6	5.13819895253E-5	0.00115731005757
1130.0	1.184394222E-7	1.54753187411E-6	5.27750000041E-5	0.0011789457519
1132.0	1.20457894616E-7	1.62538407698E-6	5.39262904284E-5	0.00120364861891
1134.0	1.22875354903E-7	1.70914407204E-6	5.57259417533E-5	0.00123091535044
1136.0	1.25632265336E-7	1.82978633479E-6	5.73593183409E-5	0.00126069244116
1138.0	1.28110674246E-7	1.9576396593E-6	5.86410558751E-5	0.00129771223144
1140.0	1.30750454632E-7	2.07467322661E-6	6.00515083679E-5	0.00133227251566
1142.0	1.33501893083E-7	2.21061058389E-6	6.16316385049E-5	0.00137049704542
1144.0	1.35967299463E-7	2.39734559953E-6	6.45204836739E-5	0.00142970862564
1146.0	1.38079270233E-7	2.56550949553E-6	6.81531128885E-5	0.00147676317244
1148.0	1.41085251843E-7	2.7204795047E-6	7.16630228551E-5	0.00152879563908
1150.0	1.44003154686E-7	2.86953878584E-6	7.50122754629E-5	0.00157505221502
1152.0	1.4626423571E-7	3.03456468098E-6	7.79632848938E-5	0.00161857821727
1154.0	1.48281013791E-7	3.18514748094E-6	8.00318080962E-5	0.00165271407469
1156.0	1.51546722598E-7	3.32448402437E-6	8.26390295328E-5	0.00168460153181
1158.0	1.53990929623E-7	3.50212426816E-6	8.50579841911E-5	0.00173042639687
1160.0	1.56290334722E-7	3.63152999587E-6	8.68985357982E-5	0.00178866846269
1162.0	1.59042816434E-7	3.77988589415E-6	8.89601819421E-5	0.00186638090224
1164.0	1.62237267954E-7	3.93930602639E-6	9.08177049934E-5	0.00194040464924
1166.0	1.6562842591E-7	4.10713910523E-6	9.3761888213E-5	0.00202129569083
1168.0	1.68748546037E-7	4.28526925838E-6	9.75100907341E-5	0.00210745572293
1170.0	1.71204899805E-7	4.50233085584E-6	1.01187860189E-4	0.00219072075833
1172.0	1.73758082921E-7	4.68647548483E-6	1.05605895036E-4	0.00225436406714
1174.0	1.76758913368E-7	5.0225610257E-6	1.10260823346E-4	0.00231425465449
1176.0	1.80351623441E-7	5.3356274685E-6	1.13389172036E-4	0.00237969280547
1178.0	1.83727188708E-7	5.70674562617E-6	1.1818975965E-4	0.00245242177668
1180.0	1.86581521614E-7	6.21327676782E-6	1.23019514562E-4	0.00251842984363
1182.0	1.90486519942E-7	6.68511531889E-6	1.28997924106E-4	0.00259942648927
1184.0	1.94051541537E-7	7.21836706267E-6	1.33414249028E-4	0.00266020997692
1186.0	1.97803751002E-7	7.70603119527E-6	1.38097085709E-4	0.00272839034047
1188.0	2.02893339285E-7	8.07719107707E-6	1.43120536475E-4	0.00280192339383
1190.0	2.07714491804E-7	8.46552664721E-6	1.48758768051E-4	0.00287712542291
1192.0	2.12570603529E-7	8.91831680642E-6	1.54484414153E-4	0.00297018656994
1194.0	2.17150141006E-7	9.3609623328E-6	1.60953849084E-4	0.00306027421721
1196.0	2.22275833907E-7	1.00272661062E-5	1.6816121088E-4	0.00312507248317
1198.0	2.26825799135E-7	1.07952486101E-5	1.74543126126E-4	0.00319515262512
1200.0	2.30245554282E-7	1.16073801628E-5	1.82635422608E-4	0.00327219444945
1202.0	2.33565936225E-7	1.29915134657E-5	1.90586132294E-4	0.00335657740615
1204.0	2.3664674036E-7	1.4025404049E-5	1.96632525053E-4	0.00344761573503
1206.0	2.40467292988E-7	1.52507376958E-5	2.02185926311E-4	0.00353930300865
1208.0	2.44902698383E-7	1.67022374982E-5	2.07020257657E-4	0.00364798428219
1210.0	2.48773223685E-7	1.78444144228E-5	2.1409506062E-4	0.00372380531362
1212.0	2.53247298412E-7	1.86895250933E-5	2.20045323435E-4	0.00382321632319
1214.0	2.59261560443E-7	1.96683283627E-5	2.27789346925E-4	0.00392204410139
1216.0	2.65815319846E-7	2.06232440828E-5	2.35597222656E-4	0.00399466078971
1218.0	2.70982550872E-7	2.13736302307E-5	2.46997394413E-4	0.00407100044245
1220.0	2.75326252778E-7	2.21018505092E-5	2.55863121094E-4	0.00414094172463
1222.0	2.78994112492E-7	2.30485999435E-5	2.65430443154E-4	0.00421765124092
1224.0	2.83891867434E-7	2.39634894326E-5	2.72946821429E-4	0.00432093882451
1226.0	2.89171397031E-7	2.54460999377E-5	2.7893151962E-4	0.00440189491985
1228.0	2.96474473197E-7	2.6574288787E-5	2.84659598884E-4	0.00451366359823
1230.0	3.02659577048E-7	2.78182171668E-5	2.91116200345E-4	0.0045880871032
1232.0	3.07197028173E-7	2.88590006551E-5	3.01723630159E-4	0.00465547143879
1234.0	3.11148745907E-7	2.96231130717E-5	3.12374615478E-4	0.00474010814541
1236.0	3.16438605603E-7	3.05295308719E-5	3.24507028391E-4	0.00484758547016
1238.0	3.22571754714E-7	3.13631368002E-5	3.35550205672E-4	0.00495095097396
1240.0	3.27254218434E-7	3.22640637697E-5	3.51245960672E-4	0.00505799072917
1242.0	3.33050497734E-7	3.33669336093E-5	3.65641170019E-4	0.0051507451132
1244.0	3.39634426501E-7	3.46580376232E-5	3.82834319621E-4	0.00527760110542
1246.0	3.46706987648E-7	3.62009409174E-5	3.9769238928E-4	0.00536729018482
1248.0	3.55304649737E-7	3.76055209271E-5	4.12622381637E-4	0.00550465139684
1250.0	3.64194225082E-7	3.94149846665E-5	4.25991593872E-4	0.00560447559404
1252.0	3.77232951775E-7	4.13612475546E-5	4.3828473571E-4	0.00571660134079
1254.0	3.88938072726E-7	4.34714520449E-5	4.5061294413E-4	0.00581114024076
1256.0	4.05009676744E-7	4.54910663125E-5	4.64228865708E-4	0.00591182101474
1258.0	4.25962007324E-7	4.74145753701E-5	4.79495445693E-4	0.00599336574036
1260.0	4.45732192215E-7	4.88203550162E-5	4.94408935077E-4	0.00609818832542
1262.0	4.61687980674E-7	5.02651307015E-5	5.1172254069E-4	0.00620488024737
1264.0	4.75464921705E-7	5.16319389331E-5	5.26142164215E-4	0.00632292265366
1266.0	4.8938894761E-7	5.3518572314E-5	5.39105857544E-4	0.00644084415692
1268.0	5.01958502413E-7	5.55972498423E-5	5.51711929601E-4	0.00658329495034
1270.0	5.1523214844E-7	5.75430875668E-5	5.69081722815E-4	0.00669549581184
1272.0	5.30028717606E-7	6.03736548719E-5	5.85560609848E-4	0.0068073882126
1274.0	5.42530972542E-7	6.31480825231E-5	6.04743610571E-4	0.00695094971419
1276.0	5.5981858346E-7	6.59750725673E-5	6.27819271241E-4	0.00708293309491
1278.0	5.74345663909E-7	6.8409157995E-5	6.48403516513E-4	0.00725523982556
1280.0	5.90983436292E-7	7.10688809947E-5	6.6656555982E-4	0.00745074869243
1282.0	6.03892688029E-7	7.36103153882E-5	6.8504681316E-4	0.00763592738905
1284.0	6.1365631145E-7	7.58005309672E-5	7.18428936926E-4	0.00789513176753
1286.0	6.25099082589E-7	7.8391716328E-5	7.52585775058E-4	0.00803796048103
1288.0	6.35504390518E-7	8.11017614234E-5	7.90960666974E-4	0.00817240582023
1290.0	6.46056563652E-7	8.49398719193E-5	8.33642917115E-4	0.00831572747182
1292.0	6.5740980362E-7	8.84695138696E-5	8.68237814836E-4	0.00847162708828
1294.0	6.69079651213E-7	9.21118806023E-5	8.96250695129E-4	0.00864261183751
1296.0	6.82820049751E-7	9.54888457555E-5	9.27305106265E-4	0.00880437750286
1298.0	7.01825322663E-7	9.87490894013E-5	9.64172654098E-4	0.00894199348052
1300.0	7.25292558708E-7	1.01473063287E-4	9.99661154165E-4	0.00907116710286
1302.0	7.46484493961E-7	1.0374344238E-4	0.00104487015527	0.00920545853186
1304.0	7.63928920122E-7	1.05513688116E-4	0.00108829345257	0.00934750753055
1306.0	7.79544449298E-7	1.07208353557E-4	0.00114087102038	0.00948858967994
1308.0	7.90596011586E-7	1.08971710162E-4	0.0011880538107	0.00968498162433
1310.0	8.03936225361E-7	1.11169442758E-4	0.00124944887977	0.00982358970204
1312.0	8.15995883408E-7	1.14086155398E-4	0.00129723922871	0.00996997117801
1314.0	8.34801221546E-7	1.16749699236E-4	0.00134173570556	0.010095184949
1316.0	8.53186639073E-7	1.1899429754E-4	0.0013885697137	0.0102542469187
1318.0	8.79658183089E-7	1.22052972993E-4	0.00143061974862	0.0103896917361
1320.0	8.9755587667E-7	1.24887895112E-4	0.00146752771546	0.0105552850007
1322.0	9.24795517557E-7	1.28456131886E-4	0.00149591655665	0.0107230758639
1324.0	9.61893300485E-7	1.32490872735E-4	0.00153614248178	0.010962941913
1326.0	9.95865362335E-7	1.35256650165E-4	0.0015749435151	0.0111304985256
1328.0	1.02542091253E-6	1.37761162786E-4	0.0016230097902	0.0113612538889
1330.0	1.05390720928E-6	1.3977752548E-4	0.00168169030937	0.0115554191905
1332.0	1.09278322819E-6	1.41653476704E-4	0.00175907647193	0.0116840778193
1334.0	1.13474612554E-6	1.4453362574E-4	0.00184161704995	0.0117864959998
1336.0	1.17864476698E-6	1.46833127185E-4	0.0019046325902	0.0119359675539
1338.0	1.27430710619E-6	1.49413613447E-4	0.00198820175552	0.0121380289879
1340.0	1.36468752097E-6	1.53157917199E-4	0.00204856590302	0.0123468982548
1342.0	1.42689933172E-6	1.55828376593E-4	0.00210366385076	0.0125002588865
1344.0	1.4949891399E-6	1.58576439835E-4	0.00215331062859	0.0127223466423
1346.0	1.5610039802E-6	1.61573993528E-4	0.00221075500532	0.0128688503009
1348.0	1.61230421036E-6	1.64688804371E-4	0.00225862628275	0.0130417782084
1350.0	1.65003857336E-6	1.6749063528E-4	0.00231910955931	0.0132021115018
1352.0	1.68703677489E-6	1.70937353159E-4	0.00237256055695	0.0133213523275
1354.0	1.72818699729E-6	1.74537601094E-4	0.00243224543571	0.0134661803067
1356.0	1.77397102014E-6	1.78188921799E-4	0.00249427487093	0.0136214060782
1358.0	1.81898196974E-6	1.81920261175E-4	0.00255058197977	0.0137361168152
1360.0	1.87488195538E-6	1.8645948469E-4	0.00262204687736	0.0139034142136
1362.0	2.00621235469E-6	1.93406664128E-4	0.00267372311889	0.014017350109
1364.0	2.13035966243E-6	1.99564218255E-4	0.00273581060894	0.014193017807
1366.0	2.18098388527E-6	2.04573964625E-4	0.00281468458531	0.0143691052544
1368.0	2.24384654302E-6	2.10153090863E-4	0.00287423423549	0.0145693347714
1370.0	2.29735035423E-6	2.14626988741E-4	0.00293343019582	0.01477887505
1372.0	2.34115949884E-6	2.18974036825E-4	0.00299160053307	0.0150389068759
1374.0	2.43591645599E-6	2.24319935371E-4	0.00305566273185	0.0152342977082
1376.0	2.52768591682E-6	2.28169759093E-4	0.00313323060903	0.0154158806979
1378.0	2.56021294392E-6	2.33909846715E-4	0.00322261894045	0.0156082546814
1380.0	2.59504361946E-6	2.38171088935E-4	0.00329983790828	0.0157678795683
1382.0	2.622639538E-6	2.41212333887E-4	0.00338194011495	0.0159256175904
1384.0	2.66218247911E-6	2.45841391217E-4	0.00345639729544	0.0161047315292
1386.0	2.71611830984E-6	2.50316018909E-4	0.00354002618352	0.0162905155099
1388.0	2.75807237738E-6	2.5479945841E-4	0.00361989226246	0.016490023687
1390.0	2.78900011262E-6	2.59478258464E-4	0.00372263453034	0.0167379066309
1392.0	2.83307286104E-6	2.63471978595E-4	0.00381398299505	0.0169307313751
1394.0	2.87370832604E-6	2.67238270822E-4	0.00393177923177	0.0171787695862
1396.0	2.92440311308E-6	2.7135083212E-4	0.00404304673091	0.0174044583195
1398.0	2.99041329743E-6	2.75680716478E-4	0.00413502458043	0.0176314324815
1400.0	3.04478984399E-6	2.80635292004E-4	0.00423023607663	0.0178373552849
1402.0	3.10735272409E-6	2.84814779726E-4	0.00429791104368	0.0180288450256
1404.0	3.18021931591E-6	2.88588204636E-4	0.00439512600677	0.0182141448626
1406.0	3.21548923242E-6	2.9279861469E-4	0.00447909037081	0.0184186286664
1408.0	3.26224724396E-6	2.96856237957E-4	0.00460018109124	0.0186026466707
1410.0	3.31602264087E-6	3.01306623712E-4	0.00470855535913	0.018803937538
1412.0	3.38066160109E-6	3.05296307138E-4	0.00481480693246	0.0190268479187
1414.0	3.43342230891E-6	3.08937953323E-4	0.00489260009432	0.0192441150347
1416.0	3.48243806271E-6	3.12077653312E-4	0.00499053681649	0.019496737706
1418.0	3.52838640298E-6	3.15177021647E-4	0.00507193003697	0.0197530644478
1420.0	3.56643907974E-6	3.18653338975E-4	0.00518485882553	0.0199497878425
1422.0	3.60397381375E-6	3.22909229838E-4	0.0052996842687	0.0201558569711
1424.0	3.63527594486E-6	3.29058720115E-4	0.00538330918276	0.0203714130905
1426.0	3.69999351108E-6	3.34148507078E-4	0.00547546995256	0.020554521765
1428.0	3.75277815576E-6	3.41094248745E-4	0.00555601188733	0.0207396516717
1430.0	3.81492626913E-6	3.46783934074E-4	0.00565966408502	0.0209145285723
1432.0	3.89406977217E-6	3.50384114893E-4	0.00574916428402	0.0210809889706
1434.0	3.95063497032E-6	3.54569467153E-4	0.00586272869888	0.0212755441831
1436.0	3.98580727123E-6	3.59256747618E-4	0.00598806119937	0.0214721066821
1438.0	4.03009911465E-6	3.63964984548E-4	0.00609630842648	0.0217263536049
1440.0	4.07583652042E-6	3.68249360165E-4	0.00621117325899	0.0219116997147
1442.0	4.11960094938E-6	3.72066436048E-4	0.00634124452567	0.0221174630209
1444.0	4.1659126421E-6	3.76264863869E-4	0.00644311226253	0.0223138026317
1446.0	4.21740968748E-6	3.83085052818E-4	0.00656684498482	0.0224862325414
1448.0	4.26219559629E-6	3.88706135468E-4	0.00668867141656	0.0227110388326
1450.0	4.31279756681E-6	3.93497205805E-4	0.00680115051081	0.0230026150802
1452.0	4.38950348958E-6	3.98596730518E-4	0.00692920479801	0.023242487936
1454.0	4.46345799808E-6	4.05020227621E-4	0.00704318650264	0.0234664964473
1456.0	4.51989010581E-6	4.1246148819E-4	0.00715866826203	0.0236481966317
1458.0	4.57280555689E-6	4.18090526377E-4	0.00726447949583	0.0237966768076
1460.0	4.6212707291E-6	4.22309289797E-4	0.00734285168761	0.0240147447275
1462.0	4.6692464713E-6	4.25880483508E-4	0.00745539440378	0.0242495179775
1464.0	4.72188552348E-6	4.31014925431E-4	0.00757561972824	0.0244832495846
1466.0	4.75929807854E-6	4.37341595349E-4	0.00770372400552	0.0247374398191
1468.0	4.79342502146E-6	4.45746592281E-4	0.00782176577593	0.0249431579935
1470.0	4.83849403201E-6	4.52845110234E-4	0.00795356276469	0.025165282122
1472.0	4.87868287428E-6	4.63053048387E-4	0.00807624109752	0.0253441726183
1474.0	4.92324667496E-6	4.71464293934E-4	0.00821094614355	0.0255308986563
1476.0	4.97188942733E-6	4.82306900472E-4	0.00835306538165	0.0257608685491
1478.0	5.0113932918E-6	4.918989193E-4	0.00849023657477	0.0259678607751
1480.0	5.0584307656E-6	4.98187873546E-4	0.00859740325193	0.0261968426099
1482.0	5.10892596409E-6	5.02687917429E-4	0.00870529450302	0.0263652005484
1484.0	5.15805081543E-6	5.07777770005E-4	0.00880268402849	0.0266038969877
1486.0	5.20529772847E-6	5.13212415373E-4	0.0088896815079	0.0267833141163
1488.0	5.26153164454E-6	5.179786268E-4	0.00898527754767	0.027005610251
1490.0	5.31878854833E-6	5.24044307335E-4	0.00910390461209	0.027221018817
1492.0	5.37663769864E-6	5.29637912071E-4	0.00919200105726	0.027446379325
1494.0	5.44958829818E-6	5.35920940557E-4	0.00931843663392	0.0277440097105
1496.0	5.53881428545E-6	5.4250912071E-4	0.00945686545146	0.0279793929007
1498.0	5.59373093637E-6	5.47927454196E-4	0.00958938820835	0.0282446826618
1500.0	5.63107788436E-6	5.52730232651E-4	0.0097375181499	0.0284568959766
1502.0	5.69725629605E-6	5.5793616751E-4	0.00986671294007	0.028687750509
1504.0	5.77910994849E-6	5.63206928048E-4	0.00999670350808	0.0289343470309
1506.0	5.83874337071E-6	5.70263271818E-4	0.0101113836339	0.0292068747447
1508.0	5.89892216082E-6	5.76941063755E-4	0.0102484674957	0.029472032756
1510.0	5.94906987508E-6	5.83309503007E-4	0.0104089490945	0.0297272105022
1512.0	6.01197257188E-6	5.92263742777E-4	0.0105582925608	0.0300126388602
1514.0	6.08232194066E-6	6.00430030184E-4	0.0106478412664	0.0302379288975
1516.0	6.12811357913E-6	6.07191489473E-4	0.0107759079386	0.0304703757628
1518.0	6.15782701105E-6	6.13225273736E-4	0.0108931870748	0.0307419671269
1520.0	6.20738900839E-6	6.20528221161E-4	0.0110073295422	0.0310234565041
1522.0	6.25872120261E-6	6.29341517078E-4	0.0111302141881	0.0312396588593
1524.0	6.30692398009E-6	6.37709945382E-4	0.0112467753958	0.0314321039993
1526.0	6.35153077281E-6	6.44377590181E-4	0.011378851387	0.0316307062837
1528.0	6.40128715204E-6	6.50325426215E-4	0.0115058352245	0.0318312946605
1530.0	6.4505835967E-6	6.56476568531E-4	0.0116264048229	0.0320220597313
1532.0	6.50152570368E-6	6.65086248157E-4	0.0117791165363	0.0321990108201
1534.0	6.55190448492E-6	6.71464349037E-4	0.0118964116274	0.0324073710342
1536.0	6.6007064636E-6	6.79719506167E-4	0.0120443718039	0.0325909369239
1538.0	6.63654157388E-6	6.87597205343E-4	0.0121376816281	0.0328197499522
1540.0	6.70854826218E-6	6.93217626276E-4	0.0122385128079	0.0330572944501
1542.0	6.79207506506E-6	7.00025649626E-4	0.0123620797102	0.0332875367728
1544.0	6.85805359681E-6	7.06515648586E-4	0.0124862816276	0.0335323879994
1546.0	6.91200536608E-6	7.13673112751E-4	0.0126079322828	0.0338259672837
1548.0	6.96976020325E-6	7.2014219648E-4	0.0127304189299	0.0341127213389
1550.0	7.03592466456E-6	7.26313102363E-4	0.0128706893934	0.034344586388
1552.0	7.08598324987E-6	7.3591976762E-4	0.0130021213227	0.0346525110731
1554.0	7.1261170628E-6	7.44642483189E-4	0.0131360407408	0.0348890321364
1556.0	7.16412250379E-6	7.5590757834E-4	0.0132939531183	0.0351043609171
1558.0	7.20910700272E-6	7.65336428074E-4	0.0134817296144	0.0353241400674
1560.0	7.26019824495E-6	7.72778286439E-4	0.0136616663836	0.0355726949043
1562.0	7.31936692229E-6	7.83262872997E-4	0.0138326626742	0.0357916024206
1564.0	7.37824928475E-6	7.95641356035E-4	0.0139890973279	0.0360352631988
1566.0	7.42980185058E-6	8.05506338723E-4	0.0140956059764	0.0362922696571
1568.0	7.48736686836E-6	8.13241819375E-4	0.0142148272925	0.0365531959958
1570.0	7.56882878536E-6	8.22963009212E-4	0.0143241827005	0.0368945144578
1572.0	7.64097701433E-6	8.31254419893E-4	0.0144197774012	0.0371556639317
1574.0	7.69664817015E-6	8.41176679935E-4	0.0145362912974	0.0375098518007
1576.0	7.74191209312E-6	8.50418004845E-4	0.014648490623	0.0377995859483
1578.0	7.80698588733E-6	8.58896905055E-4	0.0147832802927	0.0380875985631
1580.0	7.8701794068E-6	8.6693064484E-4	0.0149297644287	0.0383455959932
1582.0	7.93077348607E-6	8.78429919458E-4	0.0150849905451	0.0386912553298
1584.0	8.00101892012E-6	8.90089550291E-4	0.0152798522011	0.0389530640384
1586.0	8.07512565449E-6	8.99629676364E-4	0.0154037793377	0.0392110620687
1588.0	8.14644453639E-6	9.10443625501E-4	0.0155426109806	0.0394799273157
1590.0	8.20568664165E-6	9.21289374316E-4	0.0156789930019	0.0397108452193
1592.0	8.26079896128E-6	9.31287728909E-4	0.0158221768524	0.0399011544625
1594.0	8.31929812628E-6	9.39514070732E-4	0.0159697474558	0.0401320843531
1596.0	8.40018383246E-6	9.49356543944E-4	0.0161278077753	0.040329599247
1598.0	8.46332997168E-6	9.56386820283E-4	0.0163012577174	0.04057202193
1600.0	8.54593769269E-6	9.64518581755E-4	0.0164335777746	0.0407806769946
1602.0	8.60490353506E-6	9.69489446862E-4	0.016570069387	0.0410051868853
1604.0	8.6597061966E-6	9.76000162542E-4	0.0167346182727	0.0412174209027
1606.0	8.73374161577E-6	9.86514838674E-4	0.0168860846982	0.0414806588667
1608.0	8.82559559273E-6	9.94696161662E-4	0.0169870036491	0.0416853546174
1610.0	8.90546734494E-6	0.00100280466911	0.017113378528	0.0419558698616
1612.0	8.98878293464E-6	0.00101249034246	0.0172550458279	0.0422497406011
1614.0	9.06700168659E-6	0.00102089853742	0.01738962405	0.0424847577882
1616.0	9.12357045593E-6	0.0010287145837	0.0175397930892	0.0427167389363
1618.0	9.18537695964E-6	0.00103616060755	0.0177102914989	0.0429612319652
1620.0	9.2721715403E-6	0.00104555046939	0.0178684167093	0.0432598633298
1622.0	9.3524536125E-6	0.00105530960529	0.0180693497085	0.043470340718
1624.0	9.44039637334E-6	0.00106591733026	0.0182289310177	0.043722513087
1626.0	9.49380334431E-6	0.0010790570838	0.0183838598241	0.0439284491419
1628.0	9.57011760827E-6	0.00109550631938	0.018530352137	0.0441380583395
1630.0	9.64928423117E-6	0.00110685688464	0.0186802484385	0.0443715609907
1632.0	9.70736157293E-6	0.00111574761698	0.0188082258923	0.0445944489854
1634.0	9.79560574582E-6	0.00112783251874	0.0189393745044	0.0448399222996
1636.0	9.87322320667E-6	0.00113885098193	0.0190733931652	0.0451108278911
1638.0	9.94459515025E-6	0.00114691146751	0.0191918007317	0.0453330729001
1640.0	1.00164333693E-5	0.00115537272887	0.0193399636129	0.0455977524758
1642.0	1.00906599966E-5	0.00116299287358	0.0194637992881	0.0458566382499
1644.0	1.01763454107E-5	0.00117103088281	0.0196729168355	0.046130207158
1646.0	1.02462150335E-5	0.00118028337542	0.0198475024293	0.0464505737622
1648.0	1.03310450914E-5	0.00119020482466	0.0200180703195	0.0468032839614
1650.0	1.04202873322E-5	0.00120066497548	0.0201612094699	0.047050086491
1652.0	1.05304293314E-5	0.00120870073834	0.0203164065626	0.0473306781936
1654.0	1.06232657181E-5	0.00121926349421	0.0204607779112	0.0475634297894
1656.0	1.07010837363E-5	0.00123107608169	0.0206195178411	0.0478389131725
1658.0	1.07575234761E-5	0.00124141599444	0.0207770172548	0.0481139946578
1660.0	1.08264389501E-5	0.00125180440875	0.0209117080217	0.0483918568845
1662.0	1.09104597331E-5	0.00126083027042	0.0210739202632	0.0486835824801
1664.0	1.09819443749E-5	0.00127010112962	0.0212119297423	0.0489665376842
1666.0	1.10653792966E-5	0.00127909659393	0.0213730898209	0.0492490929819
1668.0	1.11728812094E-5	0.00129053329127	0.0215386071465	0.0495422024771
1670.0	1.12628849884E-5	0.0013039569479	0.0217399134462	0.0498131609621
1672.0	1.13763194519E-5	0.00131891159433	0.0218926028766	0.050088910214
1674.0	1.14582269021E-5	0.00133425542251	0.0220261636381	0.0502899160215
1676.0	1.15512755469E-5	0.00134666199873	0.0221747939081	0.0505371428115
1678.0	1.16578101928E-5	0.00135834880684	0.0223227482296	0.0507295163882
1680.0	1.17584548055E-5	0.00136995451544	0.0224893456962	0.0509334995895
1682.0	1.1840744907E-5	0.00138064037428	0.0226420633751	0.0511570624115
1684.0	1.19340405269E-5	0.00138885545706	0.0228046565597	0.0513832143458
1686.0	1.20208049113E-5	0.00139773537938	0.0229722089756	0.0516759884374
1688.0	1.21056298976E-5	0.00140588728914	0.023176475428	0.0519400869607
1690.0	1.21920308517E-5	0.00141388403155	0.0233656844427	0.0522092372491
1692.0	1.22747640249E-5	0.00142356413481	0.023528109871	0.0524932058147
1694.0	1.238341397E-5	0.00143367293248	0.0237147292799	0.0527593722112
1696.0	1.24992140253E-5	0.00144244932458	0.023973776277	0.0529714938811
1698.0	1.26047237947E-5	0.0014545303984	0.0241717148632	0.0532471652689
1700.0	1.27224760333E-5	0.0014631214014	0.0243727664377	0.0534601682532
1702.0	1.28207402108E-5	0.00147078315118	0.0245310520163	0.0536426455103
1704.0	1.29165870652E-5	0.00147866602117	0.0246654758514	0.0538505579755
1706.0	1.30142151148E-5	0.00148848884657	0.0248471641335	0.0540534335517
1708.0	1.31102736947E-5	0.00149848834724	0.0250174176587	0.0542999819763
1710.0	1.31930721235E-5	0.00151192682258	0.0252425222892	0.0545702879943
1712.0	1.3287153871E-5	0.00152982743397	0.0254433660691	0.0548165529303
1714.0	1.33953826258E-5	0.00154349448766	0.025669617311	0.055023491759
1716.0	1.34809982841E-5	0.00155859165115	0.0258764373232	0.0552800467874
1718.0	1.35904354595E-5	0.00157405463001	0.0260961837991	0.0555362484137
1720.0	1.36785429566E-5	0.00158464188096	0.026282437586	0.0558025410366
1722.0	1.37710160162E-5	0.00159483942565	0.026460368138	0.0560549007841
1724.0	1.38817774117E-5	0.00160721843404	0.0266170326605	0.0563134313583
1726.0	1.39981637803E-5	0.00161974668812	0.0268372398519	0.0565009913437
1728.0	1.40950288495E-5	0.00162973994947	0.0270292195776	0.0566970415204
1730.0	1.41916706832E-5	0.00164025585121	0.0272603054035	0.0569165591491
1732.0	1.42895770562E-5	0.00165149078977	0.0274841948036	0.0571441625972
1734.0	1.44016694259E-5	0.00166343986218	0.0276841580423	0.0573872624676
1736.0	1.45227672311E-5	0.00167699113569	0.0278412953947	0.0576261233566
1738.0	1.46193909458E-5	0.00169250847746	0.0280265722042	0.0578956266231
1740.0	1.47178159097E-5	0.00170384136133	0.0281833773653	0.0582411130196
1742.0	1.48231753831E-5	0.00171401127279	0.0283499994847	0.0584944632944
1744.0	1.49051655644E-5	0.00172564306555	0.0285241655998	0.0587370264803
1746.0	1.49986304526E-5	0.00173690507228	0.0286810933559	0.0589693977494
1748.0	1.50957896409E-5	0.00174811456464	0.0288716368463	0.0591745994174
1750.0	1.51856356514E-5	0.00176034425641	0.0290545876653	0.0594034967694
1752.0	1.5267522359E-5	0.00177421369179	0.0292988969248	0.0596798451282
1754.0	1.53743181909E-5	0.00178725044319	0.0295092087542	0.0599175965901
1756.0	1.54992720798E-5	0.00180046756424	0.0297779954573	0.0601773094722
1758.0	1.56697464006E-5	0.00181896178299	0.029969418308	0.0604640111919
1760.0	1.58007869376E-5	0.00183813920607	0.0301761296576	0.0607851462902
1762.0	1.59588547704E-5	0.00185392346453	0.030380372611	0.0610100941019
1764.0	1.60661694874E-5	0.00186692942601	0.030592121092	0.0612716429905
1766.0	1.62121654854E-5	0.00187813093267	0.0307896509853	0.0615086385354
1768.0	1.6369199483E-5	0.0018871675615	0.0309874991031	0.0617852188581
1770.0	1.64969754446E-5	0.00189698240165	0.0311736505099	0.0620882545791
1772.0	1.66122120611E-5	0.00190591617873	0.0313394161472	0.0623368552139
1774.0	1.67069338009E-5	0.0019126827135	0.0315050827474	0.0626372952769
1776.0	1.68211075737E-5	0.00192695562644	0.0316557532175	0.0629366975515
1778.0	1.69304947994E-5	0.00194473582232	0.0318002041913	0.0631847898488
1780.0	1.70447217059E-5	0.00195889502585	0.0320209568014	0.0634070548791
1782.0	1.71676910128E-5	0.00197746793885	0.0322222565137	0.0636448272258
1784.0	1.72785532627E-5	0.00199352361636	0.0323985034202	0.0638993148475
1786.0	1.73778224633E-5	0.00200430255138	0.0325494191749	0.0641888093843
1788.0	1.74866508307E-5	0.00201736231148	0.0327105370407	0.0644471315316
1790.0	1.76124130302E-5	0.00203173523537	0.0328920313074	0.0646968180698
1792.0	1.77729910494E-5	0.00204403659127	0.0330411990471	0.0649202054748
1794.0	1.79349111842E-5	0.00205474971342	0.0332229626521	0.06514467741
1796.0	1.80755912431E-5	0.00206689535846	0.0333809857641	0.0653804685395
1798.0	1.82410336645E-5	0.00207926307963	0.0335640564361	0.0655811418134
1800.0	1.84265083397E-5	0.00209140292145	0.0337622814912	0.0657833271522
1802.0	1.86022688282E-5	0.00210504030793	0.0339825381149	0.0660021526112
1804.0	1.87691368816E-5	0.00211457739953	0.0341977507984	0.0662279077649
1806.0	1.89160330843E-5	0.00212310752634	0.0344244005391	0.0664403278917
1808.0	1.91002031952E-5	0.00213579745956	0.0346485377965	0.0667148494719
1810.0	1.92450643378E-5	0.00214668070678	0.0348671316221	0.0669626699048
1812.0	1.93702540608E-5	0.00215574547463	0.0350832663944	0.0672264925655
1814.0	1.95017891424E-5	0.00216426073869	0.0352906204539	0.0674940059971
1816.0	1.96357797745E-5	0.00217495926053	0.0354613362938	0.0677230571253
1818.0	1.97472414534E-5	0.00218525003069	0.0356496190424	0.067959480766
1820.0	1.98666700527E-5	0.00219514546997	0.0358112669021	0.0681859066118
1822.0	2.00081948424E-5	0.00220598632367	0.0360198875792	0.0684120405934
1824.0	2.01098685867E-5	0.00221989924099	0.0362107426821	0.0685965701726
1826.0	2.02462560363E-5	0.00223803682254	0.0363836870475	0.0688423927931
1828.0	2.04239436693E-5	0.00225426785422	0.0365857328881	0.0690953116603
1830.0	2.05926408166E-5	0.0022695910345	0.0367993549923	0.0693308699124
1832.0	2.07660126973E-5	0.0022839896289	0.0369756204061	0.0695881166845
1834.0	2.093249616E-5	0.00229567815485	0.0371211298365	0.0698115768961
1836.0	2.11462145153E-5	0.00230841213308	0.0372975124061	0.0700552823711
1838.0	2.1326540291E-5	0.00232158277091	0.0374519988941	0.0702639045342
1840.0	2.15139701226E-5	0.00233627040233	0.0377146564448	0.0704549710677
1842.0	2.16778260556E-5	0.00235018496743	0.0379172165562	0.0706562043392
1844.0	2.18597526022E-5	0.00236411122842	0.0381791269225	0.0708559669431
1846.0	2.20364991726E-5	0.0023772468917	0.0383973967015	0.0710561633222
1848.0	2.22151127456E-5	0.00239042487896	0.0386522636587	0.071331545708
1850.0	2.23633771511E-5	0.0024030645906	0.0388575313627	0.0716195399365
1852.0	2.24902937263E-5	0.00241578587337	0.0390756242646	0.071880842353
1854.0	2.26065901465E-5	0.00242837382349	0.0392712069942	0.072241362075
1856.0	2.27544118793E-5	0.00244026874901	0.0395142182134	0.072531987238
1858.0	2.28686463715E-5	0.00245334162726	0.0397336824821	0.0728753331168
1860.0	2.30334302266E-5	0.00246775993893	0.0399999800111	0.0731330231261
1862.0	2.32105728642E-5	0.00248090149835	0.040188261566	0.0734157824129
1864.0	2.33621671729E-5	0.00249381953889	0.0403788348232	0.073626095091
1866.0	2.35663589253E-5	0.00250690131241	0.0405858349194	0.0738398086906
1868.0	2.37439956209E-5	0.00251908165668	0.0408027086478	0.0740461061019
1870.0	2.39402669473E-5	0.00253202721457	0.041039543401	0.0742755812902
1872.0	2.41991320254E-5	0.00254715552447	0.0412553518335	0.0745258486036
1874.0	2.44509222562E-5	0.00256231025364	0.0414683053522	0.0747582817683
1876.0	2.4624360454E-5	0.00257327203018	0.0416466287758	0.0750491817158
1878.0	2.48244755683E-5	0.0025847766358	0.0418578568188	0.0752990129859
1880.0	2.5004256594E-5	0.00259584743084	0.04203841796	0.0755744690767
1882.0	2.52048179642E-5	0.00260705935361	0.0421703652578	0.0757924695086
1884.0	2.53805511129E-5	0.00261767649982	0.0423569814548	0.0760286365851
1886.0	2.55426726095E-5	0.00262937819852	0.0425617872093	0.0762582009209
1888.0	2.57205939635E-5	0.00264178906574	0.0427648408587	0.0765185703069
1890.0	2.59111750014E-5	0.00265524254758	0.0429804461562	0.076778495322
1892.0	2.60942879903E-5	0.00266788113222	0.043215134479	0.0770224197356
1894.0	2.63273825155E-5	0.00267981747082	0.0434281022362	0.0772393777206
1896.0	2.6513538711E-5	0.00269323504781	0.0436318346335	0.0774951316583
1898.0	2.66521777132E-5	0.00270403544023	0.0438291043606	0.0777840634729
1900.0	2.67592059415E-5	0.00271438553534	0.0440190475148	0.0780216468698
1902.0	2.68955920197E-5	0.00272428159761	0.0442750022798	0.0782776547911
1904.0	2.70445456423E-5	0.00273464112268	0.0444938948243	0.0785065620045
1906.0	2.72003794673E-5	0.00274376146794	0.044743491672	0.0787566367255
1908.0	2.73745344823E-5	0.00275239662137	0.0449665438148	0.0789931971326
1910.0	2.75699454127E-5	0.0027632536021	0.0451848384862	0.0792094113221
1912.0	2.77071946876E-5	0.00277490257911	0.045394860907	0.0794221144005
1914.0	2.78926701545E-5	0.00278972032877	0.0455989052239	0.0796353455789
1916.0	2.80920807147E-5	0.00280862322144	0.045766251141	0.0798426177618
1918.0	2.82856747455E-5	0.00282482830273	0.0459528621445	0.080056304112
1920.0	2.84258249531E-5	0.0028390883353	0.0461763962203	0.0803009623038
1922.0	2.86264887964E-5	0.00285524174264	0.0464092786774	0.0805906306848
1924.0	2.87837133797E-5	0.00286852901778	0.0465863042201	0.0808491514507
1926.0	2.88895823255E-5	0.00288025592394	0.0467682627161	0.0811427177095
1928.0	2.90373533722E-5	0.00289286051916	0.0469640314668	0.0813812913174
1930.0	2.92502153855E-5	0.00290811954124	0.0471843863947	0.0816445700926
1932.0	2.95006113207E-5	0.00292111841551	0.047389286278	0.0818451051854
1934.0	2.97928919105E-5	0.00293524863998	0.0475732837133	0.0820333777343
1936.0	3.00133532244E-5	0.00294583147698	0.0477702124082	0.0822507860865
1938.0	3.02186649586E-5	0.00295603146985	0.0479589981532	0.0824512859625
1940.0	3.04026276258E-5	0.00296799144707	0.0481072904954	0.0826897979414
1942.0	3.05774247164E-5	0.00297795398116	0.0483084908109	0.0829450021869
1944.0	3.07898341786E-5	0.00298926965229	0.0484792077009	0.0832199827894
1946.0	3.09243293453E-5	0.00300124161362	0.0487154608489	0.0834484355053
1948.0	3.11112233903E-5	0.00301311011443	0.0489583574405	0.0836981338794
1950.0	3.13158751786E-5	0.00302697857187	0.0491816399208	0.0839575218604
1952.0	3.15118370295E-5	0.00304218721136	0.0494369866681	0.0842096614677
1954.0	3.17627019713E-5	0.00305853330912	0.0496246153801	0.084456602354
1956.0	3.20685426133E-5	0.00307223987472	0.0498660156257	0.0847077279256
1958.0	3.230396151E-5	0.00308586067524	0.0500754424979	0.0849897419973
1960.0	3.24962433251E-5	0.00310173210979	0.050284079104	0.0853433674625
1962.0	3.27232431844E-5	0.003118833825	0.050503686486	0.0856160917031
1964.0	3.29104137467E-5	0.00313446257413	0.0507011145911	0.0858713973586
1966.0	3.31238476293E-5	0.00314899516456	0.0508996944742	0.0861408289934
1968.0	3.33668163162E-5	0.0031632679986	0.0511222740247	0.0863548015225
1970.0	3.35537765375E-5	0.00317550560011	0.0513276586325	0.0866077555812
1972.0	3.37261863796E-5	0.00318871641741	0.051542597298	0.0868699108166
1974.0	3.39546963525E-5	0.00320284069148	0.0517317035925	0.087171327643
1976.0	3.41746817412E-5	0.00321462627612	0.0519079033692	0.0874497232566
1978.0	3.4376905006E-5	0.0032261324851	0.0520455794378	0.0877065152237
1980.0	3.46238855722E-5	0.00323934833294	0.0522312491549	0.0880031018189
1982.0	3.4820507432E-5	0.00325364430407	0.052443915866	0.088254615951
1984.0	3.50155180404E-5	0.00326819119112	0.0526662604059	0.088490286939
1986.0	3.52517755215E-5	0.00328199917143	0.0528955931359	0.0887746436847
1988.0	3.55149739744E-5	0.00329701938131	0.0530918085187	0.0890344392044
1990.0	3.58035800057E-5	0.00331122141183	0.0533689588684	0.0892689873409
1992.0	3.60278291077E-5	0.00332368793442	0.0535772829035	0.0895144120741
1994.0	3.62669804813E-5	0.00333627500839	0.0537478417332	0.0897618888926
1996.0	3.65551411385E-5	0.00335090691075	0.0539590804274	0.0900139648692
1998.0	3.67840916807E-5	0.00336406861391	0.0541741944045	0.0902863062229
2000.0	3.70245615813E-5	0.00337866716054	0.0544224206287	0.09054399427
2002.0	3.7321145062E-5	0.00339587295489	0.0546093088562	0.0908317741283
2004.0	3.75187889279E-5	0.00340572863588	0.0547902354325	0.0911189263398
2006.0	3.77434601061E-5	0.0034207798702	0.0549602006883	0.0914027819306
2008.0	3.79633306039E-5	0.00343759012419	0.0551223298422	0.0917107856978
2010.0	3.81746042402E-5	0.00345280484286	0.0552960051976	0.0919981561473
2012.0	3.84285795177E-5	0.00346657484454	0.0554844790071	0.0923184272813
2014.0	3.86924680943E-5	0.00347734722411	0.0556907905775	0.0926037708148
2016.0	3.89453773678E-5	0.00348884956232	0.0559163252173	0.0928886117902
2018.0	3.91962945802E-5	0.00350441969879	0.0561784776301	0.0931413395241
2020.0	3.95099072753E-5	0.00352020188139	0.0563773874053	0.0934213635386
2022.0	3.98042869914E-5	0.00353162217104	0.0566099143651	0.0937075217034
2024.0	4.00739543616E-5	0.0035420761489	0.056809604874	0.0940380308531
2026.0	4.03281001503E-5	0.00355595095347	0.0569797195963	0.094295383513
2028.0	4.05945475648E-5	0.0035738331672	0.0572317096607	0.0945400124722
2030.0	4.08510871287E-5	0.00358756249155	0.0574694253515	0.094783642127
2032.0	4.11672366517E-5	0.0035983217252	0.0576998503296	0.0950232320666
2034.0	4.14915577757E-5	0.00361123940036	0.0579263319399	0.0952665151585
2036.0	4.17618113853E-5	0.00362724811492	0.0581518323069	0.0955945977513
2038.0	4.20662084707E-5	0.00363996387652	0.0583272741909	0.0958667796476
2040.0	4.23482810541E-5	0.00365347543399	0.0585268681407	0.0961043787393
2042.0	4.27033770256E-5	0.00366796500704	0.0587117538358	0.0964146683979
2044.0	4.30780184323E-5	0.003679254845	0.0589077985009	0.0967052108362
2046.0	4.33900183726E-5	0.00369413696475	0.0591081766871	0.0970033710537
2048.0	4.37406400228E-5	0.00370774769041	0.059332118988	0.0973351499272
2050.0	4.40864753336E-5	0.00372289979201	0.0594973847769	0.0976445159006
2052.0	4.43598587274E-5	0.00373904681988	0.0596517058473	0.0979502655476
2054.0	4.46476105747E-5	0.00375637602476	0.0598565174396	0.0982166561391
2056.0	4.49095920023E-5	0.00377425488342	0.0600342926685	0.0984736840641
2058.0	4.52076200901E-5	0.0037931064361	0.0602956385426	0.0986944293248
2060.0	4.5471432625E-5	0.00381473971955	0.0605302804006	0.0989883861316
2062.0	4.5696485909E-5	0.00383306937004	0.0607766844333	0.0992462170359
2064.0	4.5988122257E-5	0.00385006899488	0.0609769562635	0.0995026832953
2066.0	4.62744145548E-5	0.00387205426029	0.0612540843033	0.0997400659016
2068.0	4.65125302736E-5	0.00389288632419	0.0614661691026	0.0999886210022
2070.0	4.68866859661E-5	0.00390898965524	0.061669807315	0.100207082838
2072.0	4.71728918369E-5	0.00392819838104	0.0618949432668	0.100412272834
2074.0	4.74635587378E-5	0.003945416378	0.0620864528049	0.100638440676
2076.0	4.77120955772E-5	0.00396100902959	0.062340192478	0.10087144517
2078.0	4.78773629029E-5	0.00397709829708	0.0625770365605	0.101101905509
2080.0	4.81665942071E-5	0.00399077734327	0.062809097746	0.101363662364
2082.0	4.83708448954E-5	0.00400299256102	0.0630086434275	0.101626792737
2084.0	4.86116500861E-5	0.00401765876948	0.0632215114211	0.101877064765
2086.0	4.89558502917E-5	0.00403361031276	0.0634346025378	0.10210068662
2088.0	4.93007072779E-5	0.00405253739651	0.0636412448429	0.102318540743
2090.0	4.95977291791E-5	0.0040722310509	0.0638603256128	0.102508273924
2092.0	4.99953800244E-5	0.00409084629078	0.0640808807168	0.102733632293
2094.0	5.03686271577E-5	0.00411124137198	0.0642765768383	0.102991185865
2096.0	5.06792521844E-5	0.00413023305752	0.0645203689394	0.103287879084
2098.0	5.10584818018E-5	0.00414947244581	0.0647503954457	0.103637690557
2100.0	5.14176653242E-5	0.00416799818033	0.0649634283741	0.104004929766
2102.0	5.18000391188E-5	0.0041900258016	0.0651213144476	0.10434762762
2104.0	5.21316307416E-5	0.00421083262621	0.0653115851163	0.104640804492
2106.0	5.24449177446E-5	0.00422704269272	0.0655033788464	0.104966279768
2108.0	5.2746922096E-5	0.00424564487847	0.0657054934206	0.10526748128
2110.0	5.30047168347E-5	0.00426385595168	0.0659050076473	0.105546220872
2112.0	5.33744394222E-5	0.00428572214051	0.0661217078188	0.105810238511
2114.0	5.36450041591E-5	0.00430648704739	0.0663458511646	0.106034634017
2116.0	5.38875773099E-5	0.00432296551437	0.0666277532991	0.106273688853
2118.0	5.41616903559E-5	0.00433846231717	0.0668839385751	0.106506199606
2120.0	5.43874541648E-5	0.00435214028707	0.0671423689683	0.106760966338
2122.0	5.45933364542E-5	0.00436725870277	0.0673876858249	0.106981254377
2124.0	5.48183636177E-5	0.00438305661798	0.0675956988893	0.10725368978
2126.0	5.51432190972E-5	0.00439417880261	0.0678215378585	0.107504116729
2128.0	5.54973291236E-5	0.00440921467077	0.0680202952739	0.107759930406
2130.0	5.58242425713E-5	0.00442507824206	0.06818846372	0.108016184299
2132.0	5.61054310537E-5	0.00444164687002	0.0683826598946	0.108235282976
2134.0	5.64032074335E-5	0.00445769695605	0.0685622495723	0.108430677438
2136.0	5.67367877107E-5	0.00447584069788	0.0688050635741	0.108680617541
2138.0	5.70933666269E-5	0.00449315770575	0.0690070352814	0.108954268099
2140.0	5.74361407285E-5	0.0045107072897	0.0692473942409	0.109209161699
2142.0	5.78130989066E-5	0.00452500339891	0.0694771355296	0.109447902721
2144.0	5.81127424652E-5	0.00454033143336	0.0696927095205	0.109756797062
2146.0	5.83963067378E-5	0.00455341939471	0.0698853791052	0.110037605932
2148.0	5.85937847887E-5	0.00456987999924	0.0701087667404	0.110318090497
2150.0	5.89268594256E-5	0.00458496235378	0.070368064663	0.110545168702
2152.0	5.92575507216E-5	0.00460050567185	0.0706485083738	0.110748247786
2154.0	5.95895687717E-5	0.00461291830475	0.070897565539	0.111002299395
2156.0	5.99504623289E-5	0.00462703438312	0.0711701094516	0.111242073643
2158.0	6.03553545043E-5	0.00464122337419	0.071369392269	0.111491660801
2160.0	6.07412420215E-5	0.00465906565754	0.0715856715381	0.111746454896
2162.0	6.11221758527E-5	0.00467635004527	0.0718070678273	0.111993242468
2164.0	6.14867620513E-5	0.00468855105491	0.0720327923271	0.112247906724
2166.0	6.18018555518E-5	0.00470291239692	0.0722533404601	0.112484820388
2168.0	6.20955236252E-5	0.00471872784804	0.0724588209525	0.112758719239
2170.0	6.24042342225E-5	0.00473563803092	0.0726608148719	0.113060193463
2172.0	6.26628202047E-5	0.00474812582443	0.0729017444891	0.113293097324
2174.0	6.29962492909E-5	0.00476319789561	0.0731286324904	0.113570191356
2176.0	6.3298037516E-5	0.00477594984557	0.0733595325592	0.113857919893
2178.0	6.36457870958E-5	0.00479340531734	0.0735861013612	0.114092896069
2180.0	6.39584651561E-5	0.00480783439272	0.0738089649049	0.114322780451
2182.0	6.43776524717E-5	0.00482222543354	0.0740085928603	0.114591323564
2184.0	6.47286364107E-5	0.00484097643469	0.0742374831813	0.114852776141
2186.0	6.50441881567E-5	0.00486138802013	0.0744619089242	0.115150181077
2188.0	6.5389672598E-5	0.00487778691789	0.0747475398105	0.115389001536
2190.0	6.57413089626E-5	0.00489378621756	0.0749623849006	0.115643566709
2192.0	6.61427354682E-5	0.00490465088397	0.0751760480113	0.11593236094
2194.0	6.64563281457E-5	0.00491538862027	0.0754237571856	0.116193494892
2196.0	6.67800410317E-5	0.00492702003329	0.075636701786	0.116459876871
2198.0	6.71574142667E-5	0.00494516305863	0.0759014258706	0.116692301977
2200.0	6.75423863116E-5	0.0049605669525	0.0761481675998	0.116920387075
2202.0	6.78068496172E-5	0.0049733304449	0.076404775733	0.117150965038
2204.0	6.81232481433E-5	0.00498790574395	0.0766650143227	0.117457701121
2206.0	6.8413286524E-5	0.0050045009757	0.0768378177066	0.117756560965
2208.0	6.8668009829E-5	0.00502333960959	0.0770179787971	0.118021670929
2210.0	6.89907078589E-5	0.0050399156062	0.0772740937756	0.118264342101
2212.0	6.92978482269E-5	0.00505463456095	0.0775566044424	0.118508690672
2214.0	6.95775947087E-5	0.00507048364116	0.0778776995576	0.118837246067
2216.0	6.98434005016E-5	0.00508401343754	0.0781753978776	0.119073617183
2218.0	7.01928374317E-5	0.00510004736479	0.0783904619496	0.11933964331
2220.0	7.05906532298E-5	0.00511486864399	0.0786341723018	0.119582458396
2222.0	7.10852196447E-5	0.00513102237692	0.0788772342285	0.119814444886
2224.0	7.14412928331E-5	0.00514890629322	0.0791095692089	0.120046886708
2226.0	7.18496053346E-5	0.00516705676027	0.0792855298815	0.12030297649
2228.0	7.22774131855E-5	0.00518176449059	0.0795216665048	0.120538029617
2230.0	7.26599480099E-5	0.00520402151855	0.0797287332085	0.120771503746
2232.0	7.30632766462E-5	0.00522314129291	0.0799730286319	0.120978869525
2234.0	7.33659002273E-5	0.00523875138478	0.0801774502397	0.121272377183
2236.0	7.37863779092E-5	0.00525590600716	0.0804562355502	0.121582324787
2238.0	7.42222589991E-5	0.00527317207851	0.0806856272156	0.12190130174
2240.0	7.46292327543E-5	0.00529222000554	0.0809441848346	0.12220768224
2242.0	7.51051106874E-5	0.00531083333811	0.081167146574	0.12246203576
2244.0	7.54642282814E-5	0.00533292457149	0.081346629049	0.122716172876
2246.0	7.59277999509E-5	0.00535268273193	0.0815733816331	0.122955298893
2248.0	7.6471925289E-5	0.00536980824723	0.0817701264307	0.123221201359
2250.0	7.70231874594E-5	0.00538804245328	0.0819769313802	0.123470877852
2252.0	7.74990255092E-5	0.00540760730353	0.0821993047667	0.123750377522
2254.0	7.797565503E-5	0.00542778769306	0.0824276618704	0.124036982766
2256.0	7.84694337074E-5	0.00544312797143	0.0826855150816	0.124346799605
2258.0	7.89311921496E-5	0.0054625542018	0.082920314875	0.124541826756
2260.0	7.92362908264E-5	0.0054815276809	0.0831550867296	0.124837813576
2262.0	7.95672804622E-5	0.00550262571083	0.0833704057213	0.12508511493
2264.0	7.99393749667E-5	0.00551848173851	0.083603503867	0.125326720078
2266.0	8.0402932173E-5	0.00553741737985	0.0838458200816	0.125542391358
2268.0	8.07005883065E-5	0.00555294072169	0.0841143748782	0.125816672908
2270.0	8.09310867589E-5	0.00557253085184	0.0843744848192	0.126064704682
2272.0	8.12959245582E-5	0.00559083635433	0.0846213494007	0.12630540206
2274.0	8.16411747731E-5	0.00560893087858	0.0848462164072	0.126559336237
2276.0	8.20247004284E-5	0.00562633339377	0.0851331506244	0.126834304305
2278.0	8.24418058342E-5	0.00564340827658	0.0853753793822	0.127073874367
2280.0	8.28406433452E-5	0.00566953514462	0.0855954623583	0.127291741549
2282.0	8.32061536864E-5	0.00569764947367	0.0858606369444	0.127519853707
2284.0	8.36430954005E-5	0.0057151287008	0.0860561774624	0.12773544439
2286.0	8.4079885132E-5	0.00573622692341	0.0862577908016	0.127964204213
2288.0	8.44217861999E-5	0.00575931577201	0.0864874262966	0.128203100626
2290.0	8.47917120207E-5	0.00578137270975	0.0866801498331	0.128440822905
2292.0	8.50446887703E-5	0.00579831257235	0.0868499443525	0.128712145408
2294.0	8.55302605E-5	0.0058143958145	0.0870712299529	0.128939432432
2296.0	8.61497721202E-5	0.00583151001752	0.0872901867704	0.129185919601
2298.0	8.64963431582E-5	0.00585426555696	0.0875299170151	0.129401447791
2300.0	8.67445968531E-5	0.00587796181295	0.0877456248109	0.129655385954
2302.0	8.71927368441E-5	0.00589599874363	0.088022072327	0.129899898468
2304.0	8.7492465803E-5	0.00591389301498	0.0882769123405	0.130170140736
2306.0	8.78517493672E-5	0.00592985778223	0.0885207872143	0.130443136246
2308.0	8.8291671784E-5	0.00594598803506	0.088748478745	0.130707096692
2310.0	8.87386774371E-5	0.00595817982571	0.0889626537121	0.130962744295
2312.0	8.91594973985E-5	0.00596908599293	0.0891473935213	0.131194394913
2314.0	8.9660907251E-5	0.0059805777826	0.0893729663625	0.131412083683
2316.0	9.00810163316E-5	0.00599477932906	0.0896298853088	0.131649288099
2318.0	9.0419959854E-5	0.00600999669458	0.0898511965793	0.131852933379
2320.0	9.08163245368E-5	0.0060292771428	0.0900945834269	0.132108335504
2322.0	9.1219545374E-5	0.00604958180255	0.0903301220695	0.13243380698
2324.0	9.17231509046E-5	0.00607190357292	0.0905353354524	0.132723254161
2326.0	9.21848395227E-5	0.00609734255515	0.0907664299903	0.132963278506
2328.0	9.25677796501E-5	0.00612099705851	0.0910024824501	0.133229572049
2330.0	9.29990966021E-5	0.00614859927565	0.0911934344139	0.133462539254
2332.0	9.35451174327E-5	0.00617024990939	0.091365818191	0.133707251925
2334.0	9.39755650246E-5	0.00619327500885	0.0915617096359	0.133956830459
2336.0	9.43816317642E-5	0.00621282583261	0.0917627793333	0.134173628367
2338.0	9.47859130103E-5	0.00623118998058	0.0920208030342	0.134399665875
2340.0	9.52692395901E-5	0.00624821091304	0.0922830269981	0.134623686536
2342.0	9.56502098028E-5	0.00626166762038	0.0925696076258	0.134845800016
2344.0	9.60454815849E-5	0.00627427302387	0.0928398016327	0.135070450643
2346.0	9.64552559972E-5	0.00628506378669	0.0930742364824	0.135318808541
2348.0	9.68731081811E-5	0.00629864303737	0.093309475692	0.135531950993
2350.0	9.72614276855E-5	0.00631173631822	0.0935198198423	0.135786299925
2352.0	9.76978176254E-5	0.00633112510964	0.0937441375425	0.136041482562
2354.0	9.8031721702E-5	0.00635076392792	0.093967130301	0.136301065554
2356.0	9.82473737298E-5	0.00637851021335	0.0941979190875	0.136553059166
2358.0	9.85097348962E-5	0.00640337685642	0.094405000474	0.13687701591
2360.0	9.88432842606E-5	0.00642633918439	0.094664500146	0.137189214488
2362.0	9.91453668073E-5	0.00644787411565	0.0948482676555	0.137521901488
2364.0	9.94299705875E-5	0.00646481533327	0.0950846175072	0.137861716018
2366.0	9.98154685675E-5	0.00648225183895	0.0952705006518	0.138151282189
2368.0	1.00256715503E-4	0.00649724219322	0.0955057114977	0.13838209759
2370.0	1.00664741793E-4	0.00651846936897	0.0957397410705	0.138686504923
2372.0	1.01037628586E-4	0.00653812940085	0.0960063991185	0.138914841055
2374.0	1.01597093763E-4	0.00655790940573	0.0962780320018	0.139113711852
2376.0	1.02035534895E-4	0.00657563759601	0.0965154527634	0.139338081756
2378.0	1.02438235023E-4	0.00659227919854	0.0967487964998	0.139589233468
2380.0	1.02921930835E-4	0.00660805115682	0.0969491596239	0.139863910932
2382.0	1.03319443303E-4	0.00662086773277	0.0971316060899	0.14015424422
2384.0	1.03768084343E-4	0.00663384019272	0.0973509882181	0.14034645395
2386.0	1.04220447818E-4	0.00665261276086	0.0975865785864	0.140612290187
2388.0	1.0475158751E-4	0.00667113755305	0.0979137319105	0.140853705533
2390.0	1.05310256866E-4	0.00668882217332	0.0981308122739	0.141049009244
2392.0	1.05767479842E-4	0.00670468618657	0.0983778522282	0.141282916277
2394.0	1.06462744608E-4	0.006721969364	0.0986003005735	0.141525090981
2396.0	1.06899155382E-4	0.00673697472201	0.0988554436332	0.141745659557
2398.0	1.07332759034E-4	0.00675705817985	0.0990839802986	0.14196660318
2400.0	1.0784426621E-4	0.00677546462578	0.0993375484436	0.142153474871
2402.0	1.08306830154E-4	0.00679850583897	0.0995576353219	0.142402857712
2404.0	1.08728185987E-4	0.00682064176345	0.0998471224385	0.142627758706
2406.0	1.09229498183E-4	0.00684053580268	0.100078698644	0.142887048815
2408.0	1.09648525976E-4	0.00685988630614	0.100319078555	0.143191728065
2410.0	1.09974470211E-4	0.00687625543367	0.100592991187	0.143480817844
2412.0	1.10295535337E-4	0.00689329860611	0.10084922233	0.143732937297
2414.0	1.10681435231E-4	0.0069109398372	0.101144731155	0.144006671449
2416.0	1.11065710626E-4	0.00692962262508	0.101361171563	0.144243367818
2418.0	1.11402983464E-4	0.00694998647254	0.101604581089	0.144444674209
2420.0	1.11866189681E-4	0.00697112991369	0.101829849301	0.144654497219
2422.0	1.12378252676E-4	0.00699083584354	0.102071379425	0.144862049746
2424.0	1.12929897046E-4	0.00701209602404	0.102315925442	0.145080231591
2426.0	1.13378426899E-4	0.00702897074553	0.102574862847	0.145297600099
2428.0	1.13759351782E-4	0.00704805277635	0.10286803721	0.145508433789
2430.0	1.141432431E-4	0.00706710916907	0.10312069403	0.145728232542
2432.0	1.14550441317E-4	0.0070876747239	0.103334753918	0.145919394443
2434.0	1.15015990996E-4	0.00711429115215	0.103596652259	0.146123460771
2436.0	1.15576301978E-4	0.0071383090611	0.103825859082	0.146329497021
2438.0	1.16106301823E-4	0.00715955622812	0.10406145388	0.146532387261
2440.0	1.1656559497E-4	0.00718185232762	0.104294562633	0.146767557696
2442.0	1.16995785203E-4	0.00719816941796	0.104498766162	0.146994002414
2444.0	1.17443182973E-4	0.0072169039135	0.104716057136	0.147270153065
2446.0	1.17877044364E-4	0.00723964559628	0.104925705275	0.147514024813
2448.0	1.18266010995E-4	0.00726441216922	0.10513614636	0.147777974426
2450.0	1.18702463564E-4	0.00729235522954	0.105387337084	0.148067714038
2452.0	1.19250065065E-4	0.00731241220321	0.105634741136	0.148328239297
2454.0	1.19698596388E-4	0.00733183443152	0.105866698281	0.148563516416
2456.0	1.20110979224E-4	0.00734927010804	0.106087502667	0.148787218265
2458.0	1.20652883235E-4	0.00736586283752	0.106290357284	0.148992166958
2460.0	1.21277095664E-4	0.0073831054136	0.106553968951	0.149195307277
2462.0	1.21828689008E-4	0.00740634099984	0.106757771122	0.149412363855
2464.0	1.22275815749E-4	0.00743061988452	0.106998988397	0.149633788303
2466.0	1.22868955288E-4	0.00744679059721	0.107206070243	0.149842392584
2468.0	1.23581653461E-4	0.00746570609499	0.107393029845	0.150076363402
2470.0	1.24196798249E-4	0.00748520208789	0.107587868483	0.15028613168
2472.0	1.24690402749E-4	0.00750386848763	0.107789933245	0.150523846468
2474.0	1.25041660911E-4	0.00752540506883	0.107995271853	0.150773478668
2476.0	1.25442683139E-4	0.00754637068237	0.108262514836	0.15099573108
2478.0	1.2592327458E-4	0.00756956594693	0.108522771984	0.15125878951
2480.0	1.26353035165E-4	0.00759094421045	0.108744840268	0.151527363124
2482.0	1.26906284535E-4	0.00761078092977	0.108980351287	0.151732912539
2484.0	1.27465856985E-4	0.00762914980894	0.109224784241	0.151974261029
2486.0	1.28171909149E-4	0.00764941285394	0.109479044735	0.152213430151
2488.0	1.28696203778E-4	0.0076703363701	0.109765647989	0.152458771581
2490.0	1.29165142067E-4	0.00769342590373	0.110050965021	0.152716193466
2492.0	1.29778527106E-4	0.00771670453865	0.110287328557	0.152991720989
2494.0	1.30370609496E-4	0.00773883377765	0.11051788477	0.153216673502
2496.0	1.30828131871E-4	0.00775667303548	0.110694661012	0.153446362974
2498.0	1.31295300596E-4	0.00777468305366	0.110895076622	0.153678534993
2500.0	1.31945860923E-4	0.00779101399974	0.111100580283	0.153937708165
2502.0	1.32517847945E-4	0.00781117639455	0.111303331113	0.154159746738
2504.0	1.33089619533E-4	0.00782310872297	0.111531011918	0.154464143932
2506.0	1.33790047851E-4	0.00784316810921	0.111753859337	0.154746373476
2508.0	1.34447144659E-4	0.00786745810937	0.111964463903	0.154975189756
2510.0	1.35044918007E-4	0.00788382376738	0.112173106019	0.155197876453
2512.0	1.35623190924E-4	0.00789908323639	0.112381573298	0.155418483661
2514.0	1.36332171715E-4	0.00792028575223	0.112618442866	0.155658303893
2516.0	1.37023585173E-4	0.00794044869993	0.112823973587	0.155900512726
2518.0	1.37691029998E-4	0.00795525741601	0.113029261486	0.156086730377
2520.0	1.38324938153E-4	0.0079725540682	0.113246862502	0.156354808231
2522.0	1.38850772884E-4	0.0079880479555	0.113499055571	0.156567503803
2524.0	1.39522334529E-4	0.00800287541382	0.113749625682	0.156762007137
2526.0	1.40108149538E-4	0.00802057172406	0.114012736797	0.157014855466
2528.0	1.4058504482E-4	0.0080389041277	0.114208310385	0.157242093882
2530.0	1.41183321817E-4	0.00805844616201	0.114393970981	0.157538263787
2532.0	1.41661831084E-4	0.0080790387149	0.11462419523	0.157826450214
2534.0	1.42144548628E-4	0.00809586874977	0.114816406489	0.1580688641
2536.0	1.42822335764E-4	0.00811636128515	0.115045555031	0.158316552047
2538.0	1.43415062931E-4	0.00813889906617	0.11525630813	0.158553382624
2540.0	1.43874893207E-4	0.00815564384901	0.115504557929	0.158762567392
2542.0	1.44525119077E-4	0.00817114971555	0.115760141136	0.158993227047
2544.0	1.45179056148E-4	0.00819221931686	0.115978905	0.159212624376
2546.0	1.45988875938E-4	0.00821916533527	0.116189214947	0.159476105365
2548.0	1.46632019101E-4	0.00824327417559	0.116420061886	0.159673033141
2550.0	1.4696856375E-4	0.00826644737695	0.116620666096	0.159909082389
2552.0	1.47345743497E-4	0.00829326221888	0.116814905169	0.160165967967
2554.0	1.47880459125E-4	0.00831471183769	0.117000416026	0.160427682998
2556.0	1.48474215495E-4	0.00833317571449	0.117196610634	0.160645889701
2558.0	1.48997884846E-4	0.00835798203241	0.11741300809	0.160855627424
2560.0	1.49552790462E-4	0.00837831562778	0.117661192817	0.161089856289
2562.0	1.50107343343E-4	0.0084007271692	0.117913683902	0.161333600714
2564.0	1.50708524456E-4	0.00842727136889	0.118180036657	0.161604071226
2566.0	1.51391237495E-4	0.00845339952531	0.118421789603	0.161884020251
2568.0	1.51976918878E-4	0.00847602854792	0.118686130661	0.162209808651
2570.0	1.52703450891E-4	0.0084987747607	0.119004400981	0.162445858993
2572.0	1.5325264286E-4	0.00851651087741	0.119266892232	0.162661613218
2574.0	1.53652601757E-4	0.00853720518775	0.119550820269	0.162896462907
2576.0	1.5416783514E-4	0.00855961637573	0.119841818006	0.163111626393
2578.0	1.54755232205E-4	0.0085820175822	0.120086912042	0.16333433213
2580.0	1.55412441329E-4	0.00860530459073	0.120329983131	0.163591217276
2582.0	1.56163277262E-4	0.00862468032233	0.12056609067	0.163801563332
2584.0	1.56777182207E-4	0.00864420027689	0.120797788588	0.164071241926
2586.0	1.57375289262E-4	0.0086652176502	0.121026502434	0.164290283158
2588.0	1.57936415539E-4	0.00868089916768	0.121260044115	0.164535269179
2590.0	1.58550016966E-4	0.00869621230402	0.121511265047	0.164788531914
2592.0	1.59114900944E-4	0.00871742358438	0.121738018975	0.165035940851
2594.0	1.59572918293E-4	0.00874210614287	0.121984041919	0.165269196446
2596.0	1.60258045055E-4	0.00876668375162	0.122229004276	0.165518312889
2598.0	1.60911331222E-4	0.00878781145492	0.122471914123	0.165771355759
2600.0	1.61553582333E-4	0.00880800091025	0.122672816291	0.166034813214
2602.0	1.62332002333E-4	0.0088268029232	0.122869994147	0.166308380658
2604.0	1.63038737776E-4	0.0088527609113	0.123034755854	0.166614059864
2606.0	1.63647929741E-4	0.0088829848188	0.123275104211	0.166855678815
2608.0	1.64497465507E-4	0.00890969661431	0.1234980715	0.167129580717
2610.0	1.65506085439E-4	0.00893023288356	0.123744867203	0.1673455483
2612.0	1.6609115552E-4	0.00895183366675	0.123951630864	0.167571116343
2614.0	1.66667875936E-4	0.0089751819397	0.124156686592	0.167815878566
2616.0	1.6704020829E-4	0.00899689159374	0.124419723917	0.168038679743
2618.0	1.67584951304E-4	0.00902065235062	0.124678858512	0.168263890341
2620.0	1.68140698827E-4	0.00903866004798	0.124930469079	0.168511773227
2622.0	1.68706020139E-4	0.00905553263525	0.12520196397	0.168709838277
2624.0	1.69122830485E-4	0.00907742283452	0.125415327996	0.168951772327
2626.0	1.69713455755E-4	0.00910361128625	0.125706573527	0.169164077695
2628.0	1.70338335929E-4	0.00913287160421	0.125955834192	0.169367841648
2630.0	1.71020833639E-4	0.00915786045138	0.126194012906	0.169606202504
2632.0	1.71529878781E-4	0.00918694496547	0.126492562621	0.16981895081
2634.0	1.72058472687E-4	0.00921440795158	0.126742550197	0.170006933011
2636.0	1.72549902226E-4	0.00923620592913	0.127002737986	0.170202180915
2638.0	1.73152187188E-4	0.00925921598353	0.127238445046	0.170407309906
2640.0	1.73766226383E-4	0.00928413281678	0.127484037163	0.170649664417
2642.0	1.74305530749E-4	0.00930806368088	0.127764516739	0.170883110244
2644.0	1.74941731739E-4	0.00933434851383	0.127976239567	0.171132430223
2646.0	1.75633728005E-4	0.00935758395637	0.128212022282	0.171370393662
2648.0	1.76415518184E-4	0.00938368198035	0.128436213234	0.171587014491
2650.0	1.7714214864E-4	0.00941363510049	0.128705563904	0.171821812709
2652.0	1.77953504942E-4	0.00944239307885	0.128946761266	0.172060723435
2654.0	1.78674052244E-4	0.00946962840426	0.129232963032	0.17231100833
2656.0	1.7964587569E-4	0.00949359643171	0.129492049265	0.172509685001
2658.0	1.80464459478E-4	0.00952228441987	0.129730750166	0.172751877069
2660.0	1.81087272801E-4	0.00955335121296	0.129969791295	0.172993147042
2662.0	1.81671287268E-4	0.00958894800149	0.130244007616	0.173217725621
2664.0	1.82298449594E-4	0.00960764413461	0.130550162709	0.17341814595
2666.0	1.82779928387E-4	0.00962454871002	0.130800845324	0.17365030733
2668.0	1.83387626589E-4	0.00964568472155	0.131031484521	0.173878670068
2670.0	1.84028684651E-4	0.00966841193525	0.13129345238	0.174077996774
2672.0	1.84609357057E-4	0.00969169580399	0.131549059023	0.174325562429
2674.0	1.85129655196E-4	0.00970991488023	0.131754853891	0.174532402942
2676.0	1.8579079194E-4	0.00973138415135	0.132001602572	0.174750186232
2678.0	1.86548002096E-4	0.00975485054347	0.132260780258	0.174986191095
2680.0	1.87312591539E-4	0.00977722972662	0.13254320106	0.175253126791
2682.0	1.87935043662E-4	0.00979939458204	0.132811375496	0.175566469227
2684.0	1.88415951779E-4	0.00982455438239	0.133031072888	0.175877490093
2686.0	1.8907270148E-4	0.00985239936857	0.13324439364	0.176157773294
2688.0	1.89978653823E-4	0.00987615769057	0.133421982675	0.176426476847
2690.0	1.90729090074E-4	0.00990094122783	0.133637810608	0.176634501834
2692.0	1.9128558007E-4	0.00991990716989	0.133829112447	0.17685772601
2694.0	1.9210052684E-4	0.00994549679889	0.134042161733	0.177100533851
2696.0	1.92734157473E-4	0.00997060987365	0.134267495584	0.17739797942
2698.0	1.9342394245E-4	0.00999167411778	0.134489258602	0.17764782692
2700.0	1.94113074237E-4	0.0100145488867	0.134693644979	0.177927322427
2702.0	1.94986273786E-4	0.0100379655312	0.13490344217	0.178180399353
2704.0	1.95831938233E-4	0.0100636237433	0.135119616815	0.178432824657
2706.0	1.96739066351E-4	0.0100914038448	0.135348514499	0.17875498713
2708.0	1.97589053491E-4	0.0101110248209	0.135605924363	0.178996583221
2710.0	1.98242851473E-4	0.0101306884661	0.135794320569	0.179282630499
2712.0	1.99034589758E-4	0.0101514911872	0.136056216498	0.179520524757
2714.0	1.99758769662E-4	0.0101698098036	0.136324725773	0.179734251245
2716.0	2.00531899799E-4	0.0101921801252	0.136571342551	0.179924421115
2718.0	2.01433132837E-4	0.0102137766925	0.136808310811	0.180102223039
2720.0	2.02386195023E-4	0.0102463807251	0.137049741829	0.180310215885
2722.0	2.03334777498E-4	0.0102818734398	0.1372297696	0.180528799139
2724.0	2.03880806306E-4	0.010319350968	0.137433081075	0.180741894507
2726.0	2.045896724E-4	0.0103585217044	0.137664437011	0.180954375325
2728.0	2.05488347054E-4	0.010384612464	0.137868797951	0.181169524492
2730.0	2.06290070543E-4	0.0104092218372	0.138096326207	0.181389880102
2732.0	2.06902830336E-4	0.0104389187034	0.138288984379	0.181614234235
2734.0	2.07554623891E-4	0.0104649816133	0.138477069153	0.181845749227
2736.0	2.08187689665E-4	0.0104883612996	0.138672277723	0.182080678949
2738.0	2.08970764664E-4	0.0105118633753	0.138895597323	0.182309490986
2740.0	2.10043063288E-4	0.0105381577402	0.139111248435	0.182523087558
2742.0	2.10989775446E-4	0.0105698758245	0.139348771206	0.18270091306
2744.0	2.11791401955E-4	0.0105998720075	0.139534133984	0.182897669672
2746.0	2.12388696928E-4	0.0106286013479	0.139759034649	0.18309643328
2748.0	2.1326216557E-4	0.0106592377647	0.140002606558	0.183306169435
2750.0	2.14290251682E-4	0.0106936205758	0.14022164872	0.183490905276
2752.0	2.1488315533E-4	0.0107173466941	0.140449851587	0.183694816705
2754.0	2.15698653728E-4	0.0107324834982	0.140680205301	0.183897628636
2756.0	2.16487718024E-4	0.0107516172706	0.140906763343	0.18410617102
2758.0	2.17240829107E-4	0.0107734627926	0.141102263217	0.184357438534
2760.0	2.18008800014E-4	0.0107993391985	0.141355750173	0.184595160733
2762.0	2.18833859798E-4	0.0108321372399	0.141585449523	0.184872473001
2764.0	2.19555477222E-4	0.0108619411123	0.141813590913	0.185089581282
2766.0	2.20486727283E-4	0.0108893726892	0.14210143029	0.185305375639
2768.0	2.21420011709E-4	0.0109096532747	0.14234106676	0.185561260353
2770.0	2.22048367921E-4	0.0109236423206	0.142610433527	0.185835112244
2772.0	2.22706431239E-4	0.010939479994	0.142908567496	0.18612336975
2774.0	2.23522837373E-4	0.0109643412793	0.143188071675	0.186368690956
2776.0	2.24425316996E-4	0.0109871445546	0.143486523266	0.18660591419
2778.0	2.25386024327E-4	0.011007324949	0.143777278223	0.186862674247
2780.0	2.26284842988E-4	0.0110271287303	0.144061960878	0.1871399486
2782.0	2.26911363467E-4	0.0110543840124	0.144350845676	0.187387104695
2784.0	2.27664380907E-4	0.0110810947119	0.144597190773	0.187629000952
2786.0	2.28372918036E-4	0.0111057520386	0.144856336935	0.187887376947
2788.0	2.29235441911E-4	0.0111284138648	0.145060256933	0.188172462058
2790.0	2.29948095112E-4	0.0111483322071	0.145300433645	0.188395038091
2792.0	2.30857215715E-4	0.011171413005	0.145579175001	0.188679902826
2794.0	2.31750819807E-4	0.0112008883361	0.145817390677	0.188947657806
2796.0	2.32544586788E-4	0.0112351038218	0.14609463036	0.18916517871
2798.0	2.33221784563E-4	0.0112625349983	0.146319444703	0.189376101469
2800.0	2.3403346887E-4	0.011287150401	0.146629937274	0.189578926973
2802.0	2.35053463216E-4	0.0113113351722	0.146935869164	0.189806408301
2804.0	2.3606842472E-4	0.0113383698016	0.147247975054	0.190030437041
2806.0	2.37124561268E-4	0.0113652576812	0.147489105188	0.190246275185
2808.0	2.37834576618E-4	0.0113901340679	0.147754573679	0.190454942828
2810.0	2.38466458986E-4	0.0114134925764	0.147950861966	0.19067746791
2812.0	2.39366840233E-4	0.0114344379631	0.148216550697	0.190867362155
2814.0	2.40480268658E-4	0.0114575157102	0.148459421806	0.191072623241
2816.0	2.41485582923E-4	0.0114786630058	0.148709459219	0.191284208712
2818.0	2.42383686943E-4	0.0114985586546	0.148944133521	0.191505516825
2820.0	2.43319747057E-4	0.0115193341019	0.14922881139	0.191731781645
2822.0	2.44271540136E-4	0.0115429653999	0.149497109959	0.19198602688
2824.0	2.45281372312E-4	0.0115742713118	0.149741477584	0.192238882561
2826.0	2.46235411879E-4	0.0116055266224	0.14996325249	0.192488599264
2828.0	2.47625512224E-4	0.011635470728	0.150213834898	0.192758790642
2830.0	2.48787963609E-4	0.011658368388	0.150463013991	0.193010657094
2832.0	2.49597521403E-4	0.0116826434305	0.150686860442	0.193215059963
2834.0	2.50749019388E-4	0.01171327009	0.150885716902	0.193432841007
2836.0	2.51795519952E-4	0.0117346244124	0.151121588344	0.193644405887
2838.0	2.528000543E-4	0.0117590915367	0.151343779081	0.193922187648
2840.0	2.53815001642E-4	0.0117928131465	0.151615683607	0.194163843776
2842.0	2.54777308221E-4	0.0118272825	0.151868434243	0.194378377613
2844.0	2.55880016486E-4	0.0118572046326	0.152133198886	0.194607367792
2846.0	2.56806945907E-4	0.0118854326548	0.152345945153	0.194813369259
2848.0	2.57528938306E-4	0.0119070938139	0.152591427443	0.195027597513
2850.0	2.5839816672E-4	0.0119361242366	0.152833167086	0.195222328342
2852.0	2.59442628593E-4	0.0119704069893	0.1531024641	0.195485804569
2854.0	2.60349808467E-4	0.0119935631433	0.153311850734	0.195700469889
2856.0	2.61238810277E-4	0.0120237166001	0.153538603017	0.195957060968
2858.0	2.62212973521E-4	0.0120514326774	0.153787912228	0.196179770865
2860.0	2.63168538594E-4	0.0120722529507	0.154057304053	0.196383967665
2862.0	2.64010938104E-4	0.0120955453805	0.154353021767	0.196556518939
2864.0	2.6480985281E-4	0.0121210229147	0.154665389097	0.196743187404
2866.0	2.65649441661E-4	0.0121476810533	0.15490653847	0.196924177759
2868.0	2.66483388707E-4	0.0121803224004	0.155128849977	0.19716337186
2870.0	2.67396444369E-4	0.012207924135	0.155396470384	0.197371531574
2872.0	2.68428625594E-4	0.0122355279415	0.155593650262	0.1975975152
2874.0	2.69622346662E-4	0.0122659329838	0.155819306352	0.197797810622
2876.0	2.70755687683E-4	0.0122944569801	0.156009531439	0.19800637723
2878.0	2.71648521268E-4	0.0123306256494	0.156257150726	0.198223716453
2880.0	2.72610812191E-4	0.0123592396039	0.156490362384	0.198441077697
2882.0	2.73415726887E-4	0.0123910780758	0.15673057057	0.19866725685
2884.0	2.74134926543E-4	0.0124172615621	0.156979685263	0.198891457759
2886.0	2.74893137708E-4	0.0124366511951	0.157243341759	0.199097566119
2888.0	2.75786488273E-4	0.0124628919341	0.15747607505	0.199311895396
2890.0	2.76775491242E-4	0.0124873736686	0.157788405548	0.199528228539
2892.0	2.77756170112E-4	0.0125138079413	0.158092059378	0.199784352302
2894.0	2.78789336156E-4	0.012538417266	0.158348406506	0.200009592618
2896.0	2.7982910905E-4	0.0125652599148	0.158614846301	0.200246095931
2898.0	2.80793158893E-4	0.0125956808443	0.158873965508	0.20049046039
2900.0	2.81756075375E-4	0.01261908817	0.159149675234	0.200773463969
2902.0	2.82581124701E-4	0.0126391623835	0.159389946785	0.201020253531
2904.0	2.83769116477E-4	0.0126680496103	0.159606323815	0.20121912382
2906.0	2.85215676124E-4	0.0127006428772	0.159849979211	0.201451355455
2908.0	2.86385119534E-4	0.012730235389	0.160069615819	0.201653297953
2910.0	2.8728361572E-4	0.012756330904	0.160334791572	0.201854713126
2912.0	2.88190729013E-4	0.0127817218213	0.160588122065	0.202041310361
2914.0	2.89072521776E-4	0.012810805571	0.160911569013	0.202241286913
2916.0	2.90049891392E-4	0.0128461450099	0.161111911741	0.202426529997
2918.0	2.9107887511E-4	0.0128754286422	0.161323173524	0.202645782477
2920.0	2.91913875604E-4	0.0129042395181	0.161528808198	0.20286607993
2922.0	2.92823074255E-4	0.0129355434037	0.161717716775	0.203091963181
2924.0	2.93785497656E-4	0.01296353065	0.161962084711	0.203285874247
2926.0	2.94484839071E-4	0.0129910404968	0.162199022174	0.203485933182
2928.0	2.95238685322E-4	0.0130157620283	0.162442019994	0.203706410437
2930.0	2.96026771181E-4	0.0130416067496	0.162677471159	0.203926574188
2932.0	2.96703598908E-4	0.0130650521458	0.162939177332	0.204137906934
2934.0	2.97546073549E-4	0.0130872631986	0.163213683023	0.204341191953
2936.0	2.98259981661E-4	0.0131060662024	0.163467437959	0.204574176822
2938.0	2.98971828579E-4	0.0131311346044	0.163720156477	0.204826710979
2940.0	2.99608398188E-4	0.0131604828297	0.16394009833	0.205075661548
2942.0	3.00573562139E-4	0.0131937420457	0.164140524135	0.205286733003
2944.0	3.01224322282E-4	0.0132174028183	0.164393877118	0.205511447917
2946.0	3.02164364639E-4	0.0132490595853	0.164611301496	0.205764310397
2948.0	3.03256840484E-4	0.0132781925203	0.164905413676	0.205976736685
2950.0	3.04202104007E-4	0.0133064060761	0.165133836175	0.206234594037
2952.0	3.04999110422E-4	0.013337913197	0.165369092593	0.206431511643
2954.0	3.05773493748E-4	0.0133649357494	0.165571141398	0.206678555744
2956.0	3.06511952848E-4	0.0133917295043	0.165809409917	0.206888808526
2958.0	3.07248207714E-4	0.0134181393169	0.166049627523	0.207125652067
2960.0	3.08275852036E-4	0.0134458654094	0.166258663937	0.207348170062
2962.0	3.09021623379E-4	0.0134632888251	0.166476748352	0.207542298702
2964.0	3.09698205727E-4	0.0134878220742	0.166725517182	0.207767554859
2966.0	3.10629249303E-4	0.0135111985758	0.166967024259	0.207961918939
2968.0	3.11467733501E-4	0.0135297567061	0.167172234506	0.208168519654
2970.0	3.12452918102E-4	0.0135482486409	0.167407511806	0.208353774955
2972.0	3.1353304608E-4	0.0135756708935	0.1676583431	0.208541060034
2974.0	3.14693491463E-4	0.0136042736578	0.167912484061	0.208765676634
2976.0	3.15597376183E-4	0.0136345968362	0.168208265477	0.208974122281
2978.0	3.16572845132E-4	0.0136695067234	0.168450106417	0.209199050366
2980.0	3.17251330053E-4	0.0137003342048	0.168729118894	0.209399642697
2982.0	3.17982656889E-4	0.0137307588272	0.168942812382	0.209629097009
2984.0	3.1894323738E-4	0.0137617762356	0.169187721695	0.209806800429
2986.0	3.19853262007E-4	0.0137890764485	0.169410066779	0.210083254063
2988.0	3.20640125844E-4	0.0138140496708	0.169621466745	0.210331744355
2990.0	3.21513396066E-4	0.013845252693	0.169839032692	0.210547834937
2992.0	3.22453675103E-4	0.0138769936625	0.170079890589	0.210768735573
2994.0	3.23433979404E-4	0.0139015788787	0.170314018521	0.210981520808
2996.0	3.24086143143E-4	0.0139323737536	0.170537877963	0.211173149361
2998.0	3.24988716285E-4	0.0139584871722	0.170772301517	0.211384101308
3000.0	3.25981407553E-4	0.0139791650378	0.171017119325	0.211605424312
3002.0	3.26875282181E-4	0.0140052973603	0.171243494469	0.211863638281
3004.0	3.27698792821E-4	0.0140289335277	0.171451910977	0.212071953388
3006.0	3.28432643354E-4	0.0140522445534	0.171677959033	0.212329336982
3008.0	3.2921399809E-4	0.0140791762848	0.171957087716	0.212603699223
3010.0	3.30169925739E-4	0.0141100995927	0.172235376527	0.212829419267
3012.0	3.31153508801E-4	0.014145433066	0.172448732664	0.21304291609
3014.0	3.32001773385E-4	0.0141785468526	0.172634146679	0.213276772815
3016.0	3.33185111618E-4	0.0142054555418	0.172848689303	0.213525001537
3018.0	3.34193793999E-4	0.0142289431731	0.1730647253	0.213749184809
3020.0	3.35109458093E-4	0.0142513421936	0.173290998185	0.214011569355
3022.0	3.36392503168E-4	0.0142773986321	0.173585066645	0.214234420257
3024.0	3.38028740755E-4	0.0143036620085	0.173842620406	0.214477185962
3026.0	3.39403845642E-4	0.0143320795787	0.174069152428	0.214745024983
3028.0	3.40704060349E-4	0.0143610921843	0.174347322664	0.214975680418
3030.0	3.41888499454E-4	0.0143922577693	0.174592464456	0.215236638996
3032.0	3.43012482313E-4	0.0144201278642	0.1748171427	0.215476846253
3034.0	3.43868898131E-4	0.0144490551321	0.175042848953	0.215693491938
3036.0	3.44847225582E-4	0.014486239628	0.175280376944	0.215928636028
3038.0	3.46112442349E-4	0.0145147597888	0.175479469003	0.216150577085
3040.0	3.47079012772E-4	0.0145435767315	0.175710878805	0.21637881145
3042.0	3.48071117611E-4	0.0145786226651	0.175941651679	0.216584859796
3044.0	3.49050261014E-4	0.0146104701075	0.176171012659	0.216786244482
3046.0	3.50037095961E-4	0.0146432233073	0.176371394938	0.217022891161
3048.0	3.50967845448E-4	0.0146727406346	0.176630505361	0.217254985743
3050.0	3.51949440629E-4	0.0147056630527	0.176869799135	0.217489463257
3052.0	3.52916095604E-4	0.0147424924059	0.177092705136	0.217748028247
3054.0	3.5375609085E-4	0.0147778160994	0.177303121951	0.218005382947
3056.0	3.5471435014E-4	0.0148076893648	0.177509694862	0.218188140048
3058.0	3.5598978331E-4	0.0148433501332	0.177763202485	0.218403027901
3060.0	3.571938601E-4	0.0148845536024	0.177995942229	0.218668160659
3062.0	3.58412309654E-4	0.0149227389366	0.178205630136	0.218953142649
3064.0	3.59614235963E-4	0.014956560894	0.178433256945	0.21920683484
3066.0	3.60826642672E-4	0.0149908199326	0.178650412193	0.219482522484
3068.0	3.62108568371E-4	0.0150124998599	0.178849356406	0.219732351792
3070.0	3.63161794372E-4	0.0150374213896	0.179059885159	0.219984397159
3072.0	3.64202457574E-4	0.0150660487625	0.179292448247	0.220199736745
3074.0	3.64968783559E-4	0.0150955207049	0.179524331222	0.220439565966
3076.0	3.66054369831E-4	0.0151316908238	0.179741154576	0.220673549414
3078.0	3.67249452466E-4	0.0151588464693	0.179985523054	0.220908424562
3080.0	3.68221283757E-4	0.015186740966	0.180217545809	0.221187245823
3082.0	3.69228778222E-4	0.0152090903012	0.180480826433	0.221470835013
3084.0	3.70490898153E-4	0.0152321758272	0.18075009951	0.221711015165
3086.0	3.71838367933E-4	0.0152566564778	0.181013930171	0.221986101982
3088.0	3.72910672178E-4	0.0152802241577	0.18122010476	0.222161731993
3090.0	3.7388905967E-4	0.0153102035458	0.181454267788	0.222377288675
3092.0	3.74982806374E-4	0.0153413306929	0.181696096859	0.22262214223
3094.0	3.75956852495E-4	0.0153806410661	0.181981914267	0.222850666373
3096.0	3.7691657105E-4	0.0154147737461	0.182213981259	0.223097615022
3098.0	3.77727976532E-4	0.0154456212789	0.182503758428	0.223353288144
3100.0	3.78398103469E-4	0.0154824276856	0.182706675198	0.223540712954
3102.0	3.79344145749E-4	0.0155189270541	0.182943072229	0.223827448198
3104.0	3.8043157123E-4	0.0155471258174	0.183181077028	0.224062347279
3106.0	3.81482123852E-4	0.0155747286751	0.183439925597	0.224359816289
3108.0	3.82632554836E-4	0.0155949111047	0.183658845566	0.224614939166
3110.0	3.83822200721E-4	0.0156254132903	0.183888670527	0.224823514122
3112.0	3.84779911679E-4	0.015653252743	0.184081459546	0.225054334225
3114.0	3.85915934686E-4	0.015680063761	0.184292338032	0.225300663775
3116.0	3.87496437309E-4	0.0157055147788	0.184556987706	0.225535256235
3118.0	3.89130132611E-4	0.0157377758907	0.184771368367	0.225773477217
3120.0	3.90396106333E-4	0.0157683368065	0.185089907631	0.2260015879
3122.0	3.91506681949E-4	0.0157983311154	0.18537070726	0.226230663069
3124.0	3.9266052096E-4	0.0158342675054	0.185657303915	0.22646626867
3126.0	3.94078221727E-4	0.0158675214995	0.185903266984	0.226691101466
3128.0	3.95688890279E-4	0.0158998973754	0.186169575482	0.22693954727
3130.0	3.96889923677E-4	0.0159315278659	0.186394429177	0.22720405312
3132.0	3.98105411427E-4	0.0159605429911	0.186630492314	0.227518516712
3134.0	3.99430514328E-4	0.0159905111941	0.186883960311	0.227776666689
3136.0	4.00606053663E-4	0.0160138841293	0.187149354457	0.228062587578
3138.0	4.01898936868E-4	0.0160242897824	0.18739135977	0.228316133315
3140.0	4.03220929591E-4	0.016045730842	0.187694773216	0.228554852999
3142.0	4.04187793191E-4	0.0160743405922	0.18797432183	0.228809885034
3144.0	4.0521396423E-4	0.0161011391252	0.188297976555	0.22904204982
3146.0	4.06200071233E-4	0.0161292031457	0.188551613594	0.229292304763
3148.0	4.07971150477E-4	0.0161586801445	0.188806864272	0.229530509874
3150.0	4.09570236427E-4	0.0161873349374	0.189016344213	0.229779362535
3152.0	4.10831652021E-4	0.0162134857467	0.189234996569	0.230039734481
3154.0	4.12020382466E-4	0.0162410504953	0.18948403352	0.230253973599
3156.0	4.13138145629E-4	0.016273692732	0.189702028577	0.230465961671
3158.0	4.14272873474E-4	0.0163065083037	0.189954303671	0.230700847048
3160.0	4.15381238703E-4	0.0163279780702	0.190234577338	0.230920888291
3162.0	4.16597724685E-4	0.0163518808503	0.190503911992	0.231128927879
3164.0	4.18090926103E-4	0.0163772966824	0.190769745248	0.231348072052
3166.0	4.19556025617E-4	0.0164054749208	0.191042561636	0.231563654101
3168.0	4.20598267943E-4	0.0164385984404	0.191313338299	0.231829513871
3170.0	4.21703220809E-4	0.0164671327139	0.191568757981	0.232116864883
3172.0	4.22731533259E-4	0.0164868638826	0.191792240122	0.232395518176
3174.0	4.23643981505E-4	0.0165153300343	0.192040069213	0.232641853667
3176.0	4.24814718037E-4	0.0165443182977	0.192252680319	0.232874994447
3178.0	4.2618081383E-4	0.016568550419	0.19248415091	0.233181918226
3180.0	4.2747987497E-4	0.0166010537131	0.192738533631	0.233468498826
3182.0	4.28953188835E-4	0.0166247092832	0.192956259362	0.233770073788
3184.0	4.30353336679E-4	0.0166524440704	0.193161995012	0.234057031853
3186.0	4.31853227622E-4	0.0166794216395	0.193406988852	0.234283281171
3188.0	4.33279612812E-4	0.0167070977239	0.193618594256	0.234501182376
3190.0	4.34510432196E-4	0.0167322118676	0.193857203956	0.234743257851
3192.0	4.35369762575E-4	0.0167510831308	0.194079995177	0.234961492211
3194.0	4.36664408106E-4	0.0167749358792	0.194287198229	0.235229490239
3196.0	4.37950647838E-4	0.0168003513385	0.194543504468	0.23545749071
3198.0	4.39305978145E-4	0.0168239713976	0.194816273533	0.23572114721
3200.0	4.40529105595E-4	0.0168531157344	0.195064154864	0.235987422183
3202.0	4.42201948223E-4	0.0168841957358	0.195350036804	0.236254249122
3204.0	4.43414184542E-4	0.0169240001201	0.19561980375	0.236545136189
3206.0	4.44488127887E-4	0.0169665255458	0.195876794686	0.23684603211
3208.0	4.45709084485E-4	0.0170016431448	0.196076667041	0.237114561628
3210.0	4.46964429333E-4	0.0170341965261	0.196316532901	0.237370932563
3212.0	4.48008281578E-4	0.0170682680913	0.196517965922	0.237604908765
3214.0	4.49067030967E-4	0.0170964987276	0.19674249965	0.237822184402
3216.0	4.5018594373E-4	0.0171239859514	0.19691968894	0.23806527767
3218.0	4.51064694023E-4	0.0171598504156	0.197145723292	0.238313365849
3220.0	4.52040575687E-4	0.0171938115979	0.19737338633	0.238595237662
3222.0	4.52881411608E-4	0.0172369656652	0.197620119875	0.23891136861
3224.0	4.54228703189E-4	0.0172854718503	0.197878259954	0.239263073892
3226.0	4.55287344339E-4	0.0173238282231	0.198094877166	0.239517302463
3228.0	4.56391135772E-4	0.0173639701177	0.198297920167	0.239784253353
3230.0	4.57499218357E-4	0.0174055883702	0.198559031781	0.240030671822
3232.0	4.58572319949E-4	0.0174392580706	0.198788846742	0.24026911945
3234.0	4.5944919233E-4	0.0174725965737	0.199028679283	0.240525433941
3236.0	4.60538745478E-4	0.0175018631603	0.199270486132	0.240755920279
3238.0	4.61659079439E-4	0.0175279888625	0.199537277319	0.240993182837
3240.0	4.62948538952E-4	0.0175484957679	0.199843765749	0.241224938308
3242.0	4.64294559646E-4	0.0175718603288	0.200136766058	0.241454522128
3244.0	4.65589704793E-4	0.0176037590655	0.200434281545	0.241701576726
3246.0	4.66747474726E-4	0.0176370427991	0.200720215827	0.241953172359
3248.0	4.67848486651E-4	0.0176652510474	0.200930118781	0.24220663322
3250.0	4.69063985257E-4	0.0176942608665	0.201201989784	0.242484312224
3252.0	4.701985288E-4	0.0177190677828	0.201471591342	0.242668731731
3254.0	4.7149155011E-4	0.0177439545702	0.201727275952	0.242891422935
3256.0	4.72670500978E-4	0.0177748524656	0.20196179936	0.243106704678
3258.0	4.73749304026E-4	0.017805515918	0.20221080729	0.243331390513
3260.0	4.74611866594E-4	0.0178299431088	0.202464252414	0.243621847584
3262.0	4.75415370478E-4	0.0178490460359	0.202706697638	0.243848256093
3264.0	4.76665210548E-4	0.0178713928456	0.202932923027	0.244136514145
3266.0	4.77727672603E-4	0.0179004063408	0.203139097448	0.244352269109
3268.0	4.79263051061E-4	0.0179311142958	0.20334945496	0.244589740981
3270.0	4.80460842509E-4	0.0179657535625	0.203553592088	0.244800032905
3272.0	4.81531040486E-4	0.0179922367483	0.203750454869	0.2450918374
3274.0	4.82818732601E-4	0.0180223414406	0.203960800998	0.245342953193
3276.0	4.83794011822E-4	0.0180549027524	0.204222560142	0.24563584637
3278.0	4.84927985063E-4	0.0180826835728	0.20445772923	0.245935796576
3280.0	4.86026904629E-4	0.0181110897035	0.204685285604	0.246188424413
3282.0	4.8719132506E-4	0.0181365218931	0.204904440026	0.246487914977
3284.0	4.88234289175E-4	0.0181631841933	0.205129870613	0.24674309026
3286.0	4.89235095954E-4	0.0181928010488	0.205350548491	0.247006079052
3288.0	4.90455599254E-4	0.0182269362544	0.205540622012	0.247227022277
3290.0	4.91576913409E-4	0.0182589237936	0.205758481587	0.24743261719
3292.0	4.92649580823E-4	0.0182923415696	0.206016510886	0.24767772925
3294.0	4.93642566334E-4	0.0183279456452	0.206253241642	0.247957653074
3296.0	4.94933079706E-4	0.0183589524111	0.206536898465	0.248181401904
3298.0	4.96273904442E-4	0.0183870842284	0.206769289665	0.248410982602
3300.0	4.97416639133E-4	0.0184161545951	0.207058838152	0.248653435649
3302.0	4.98461628828E-4	0.0184531397965	0.207329691987	0.248859438633
3304.0	4.99577956253E-4	0.0184900765875	0.207597041653	0.249102103608
3306.0	5.00793144761E-4	0.0185154129034	0.207837540452	0.249343913165
3308.0	5.02204446825E-4	0.0185404803099	0.208085986958	0.249562516456
3310.0	5.03794013561E-4	0.0185703770042	0.20828783524	0.249815844959
3312.0	5.04870298983E-4	0.0186028488391	0.208494497778	0.250087366009
3314.0	5.05963726538E-4	0.0186401406398	0.208702635807	0.250319461462
3316.0	5.07486078517E-4	0.0186799173275	0.208912591561	0.250562488321
3318.0	5.0896190359E-4	0.0187133434122	0.209133115244	0.250782799816
3320.0	5.10135641111E-4	0.0187397939398	0.209373755401	0.250995685031
3322.0	5.11477762968E-4	0.0187572904482	0.209637174206	0.251204281173
3324.0	5.1246717444E-4	0.0187782950699	0.209890414534	0.251467107848
3326.0	5.13230352506E-4	0.0188031765247	0.210140325023	0.251736158724
3328.0	5.14440046834E-4	0.0188330827314	0.210376019143	0.25201873539
3330.0	5.15490973298E-4	0.018858893227	0.210612507552	0.252282851389
3332.0	5.16629249219E-4	0.0188831183349	0.210875204088	0.252560716817
3334.0	5.17993340171E-4	0.0189114384337	0.211121249624	0.252801793774
3336.0	5.19487590696E-4	0.0189360158648	0.2113800658	0.25304756972
3338.0	5.20775870596E-4	0.0189588958901	0.211635677836	0.253290765731
3340.0	5.22266578178E-4	0.0189875461449	0.211913750491	0.253529580733
3342.0	5.2364869355E-4	0.0190210662427	0.212168587521	0.253825188107
3344.0	5.24917326487E-4	0.0190405808595	0.212418043308	0.254064891932
3346.0	5.26406092025E-4	0.0190629812771	0.212639012919	0.254283312622
3348.0	5.27651585363E-4	0.0190931409471	0.212902507304	0.254514999718
3350.0	5.28672247526E-4	0.0191210342896	0.213164309004	0.254792463602
3352.0	5.30023984841E-4	0.0191515557999	0.21340821104	0.255068439241
3354.0	5.31638993904E-4	0.0191760367158	0.213612118196	0.255347334173
3356.0	5.33083905189E-4	0.0192005778037	0.213833819243	0.255634445835
3358.0	5.34648057004E-4	0.0192282080577	0.21403549866	0.255893269024
3360.0	5.36151386561E-4	0.0192596825016	0.214311630075	0.256135058707
3362.0	5.37678057009E-4	0.0192877879638	0.214657795558	0.256375984404
3364.0	5.39174829972E-4	0.0193158743879	0.214912097922	0.256611649631
3366.0	5.40659958752E-4	0.0193457515125	0.215195143216	0.256885742746
3368.0	5.42412544578E-4	0.019375545735	0.215429575735	0.25716284809
3370.0	5.44272055238E-4	0.0194128470302	0.215630457104	0.257443540741
3372.0	5.45634905039E-4	0.0194513717311	0.215852160207	0.257698110104
3374.0	5.46894665859E-4	0.0194813973813	0.216089810394	0.257959036916
3376.0	5.48439525566E-4	0.0195117151609	0.216296002963	0.258226487472
3378.0	5.49848218201E-4	0.0195507415186	0.216522858545	0.258477465409
3380.0	5.51217641507E-4	0.0195849781809	0.216708507571	0.258727484558
3382.0	5.52712869858E-4	0.0196154977407	0.2169122762	0.258990626957
3384.0	5.54465565992E-4	0.0196474355891	0.217175308715	0.259220268816
3386.0	5.56607746826E-4	0.0196801008995	0.217420167318	0.259439836672
3388.0	5.58942006222E-4	0.0197078532669	0.217663840003	0.259670738827
3390.0	5.61233823734E-4	0.0197392256107	0.217910919149	0.259892372187
3392.0	5.63454659801E-4	0.019764837473	0.218150101984	0.260142479409
3394.0	5.65151108582E-4	0.0197912005134	0.21839034076	0.260387595008
3396.0	5.66667080713E-4	0.0198202879504	0.218643283082	0.260632963189
3398.0	5.67985979646E-4	0.0198480815017	0.218931834764	0.260867523972
3400.0	5.69775641715E-4	0.0198849280772	0.219189967658	0.261104350367
3402.0	5.70774722879E-4	0.0199293014171	0.219447789574	0.261354053852
3404.0	5.71733905511E-4	0.0199667918508	0.219764274498	0.261646925053
3406.0	5.72665041144E-4	0.0200069182676	0.220001268059	0.261885890877
3408.0	5.73638616946E-4	0.0200448458315	0.220285323615	0.262122766872
3410.0	5.74991814905E-4	0.0200798932748	0.220566215039	0.262335854245
3412.0	5.76324318372E-4	0.0201079213666	0.220799958285	0.26255466351
3414.0	5.77700333939E-4	0.0201386187931	0.221094975969	0.262773938528
3416.0	5.79371752365E-4	0.0201660458124	0.221383159052	0.263017417629
3418.0	5.81070241951E-4	0.0201887168358	0.221656582048	0.263233789479
3420.0	5.82951288981E-4	0.0202229163885	0.22187269634	0.26347465018
3422.0	5.84853201265E-4	0.0202616893179	0.222104445605	0.263709879846
3424.0	5.8646365524E-4	0.0202977257111	0.222362425473	0.263947662897
3426.0	5.87743473786E-4	0.0203346187151	0.222603749338	0.264172112532
3428.0	5.89082469314E-4	0.0203802299697	0.222837647233	0.264363564401
3430.0	5.91022947701E-4	0.0204137695001	0.223074419638	0.264601427023
3432.0	5.92414822416E-4	0.0204432496975	0.223331384403	0.264819301827
3434.0	5.93515349366E-4	0.0204830085616	0.223556540836	0.264998313826
3436.0	5.94616377912E-4	0.0205268509773	0.223810560212	0.265218312442
3438.0	5.95892172927E-4	0.020569863751	0.224077706283	0.265448164037
3440.0	5.97580088655E-4	0.0206090622374	0.224301863459	0.265691427523
3442.0	5.98928056378E-4	0.0206457342546	0.22447425221	0.265960845819
3444.0	5.99809214859E-4	0.0206792810382	0.224675177369	0.266177697013
3446.0	6.00936615166E-4	0.0207087068728	0.22491554493	0.266449024353
3448.0	6.02289943931E-4	0.0207423589911	0.225128565805	0.266732150988
3450.0	6.03677428788E-4	0.0207711979288	0.225339625918	0.26700008514
3452.0	6.05377340948E-4	0.0208005463798	0.225563107585	0.267300829647
3454.0	6.06710325086E-4	0.0208320581329	0.225805854233	0.267583481548
3456.0	6.08121599018E-4	0.0208638902444	0.225987222723	0.267809993296
3458.0	6.09874135872E-4	0.0208991206944	0.226219715394	0.268045727152
3460.0	6.11532217075E-4	0.020929384692	0.226437149847	0.268299945676
3462.0	6.1320001204E-4	0.0209555625572	0.22663247752	0.268565048082
3464.0	6.14924435904E-4	0.0209830707203	0.226878412135	0.268798975167
3466.0	6.16770439085E-4	0.0210105888817	0.227096093401	0.268963284622
3468.0	6.19013654454E-4	0.0210385524597	0.227325021877	0.269197240359
3470.0	6.20759695063E-4	0.0210684339245	0.227542225805	0.269429777102
3472.0	6.22121349797E-4	0.0211052390555	0.227725246952	0.269653359965
3474.0	6.23341150822E-4	0.0211379812972	0.227940443985	0.269860625694
3476.0	6.24667465474E-4	0.0211671055859	0.228181681176	0.270057692041
3478.0	6.26190485199E-4	0.0212007714466	0.228438029073	0.27027736104
3480.0	6.2748583685E-4	0.021238251894	0.228706774283	0.270495315425
3482.0	6.28929117775E-4	0.0212712781257	0.228931711997	0.270740642294
3484.0	6.30694734138E-4	0.0213022589393	0.229159755612	0.271025905645
3486.0	6.32635621097E-4	0.0213256170039	0.229383667641	0.271215441381
3488.0	6.34549948755E-4	0.0213536396705	0.229608387992	0.271479371323
3490.0	6.36510608851E-4	0.021387784659	0.229849029739	0.271741895187
3492.0	6.38118658709E-4	0.0214137309775	0.230102839993	0.271985253088
3494.0	6.39331109849E-4	0.0214519304982	0.230330612355	0.272303496201
3496.0	6.40378345479E-4	0.0214878328018	0.230537200907	0.272513496004
3498.0	6.41761968155E-4	0.0215298834592	0.230753461734	0.272781948953
3500.0	6.43164383058E-4	0.0215693899197	0.230993348722	0.273007909951
